time,total_conc,total_conc_I1,total_conc_I2,total_conc_I3,total_conc_I4,total_conc_I5,total_conc_I6,total_conc_I7,total_conc_R1,total_conc_R2,num_I1,num_I2,num_I3,num_I4,num_I5,num_I6,num_I7,num_R1,num_R2,sim
0,11862.349625768262,11862.349625768262,0,0,0,0,0,0,0,NA,1,0,0,0,0,0,0,0,NA,1
0.25,11862.349625768262,11862.349625768262,0,0,0,0,0,0,0,NA,1,0,0,0,0,0,0,0,NA,1
0.5,11862.349625768262,11862.349625768262,0,0,0,0,0,0,0,NA,1,0,0,0,0,0,0,0,NA,1
0.75,11862.349625768262,11862.349625768262,0,0,0,0,0,0,0,NA,1,0,0,0,0,0,0,0,NA,1
1,189797.59401229228,0,0,189797.59401229228,0,0,0,0,0,NA,0,0,1,0,0,0,0,0,NA,1
1.25,189797.59401229228,0,0,189797.59401229228,0,0,0,0,0,NA,0,0,1,0,0,0,0,0,NA,1
1.5,189797.59401229228,0,0,189797.59401229228,0,0,0,0,0,NA,0,0,1,0,0,0,0,0,NA,1
1.75,189797.59401229228,0,0,189797.59401229228,0,0,0,0,0,NA,0,0,1,0,0,0,0,0,NA,1
2,189797.59401229228,0,0,189797.59401229228,0,0,0,0,0,NA,0,0,1,0,0,0,0,0,NA,1
2.25,189797.59401229228,0,0,189797.59401229228,0,0,0,0,0,NA,0,0,1,0,0,0,0,0,NA,1
2.5,189797.59401229228,0,0,189797.59401229228,0,0,0,0,0,NA,0,0,1,0,0,0,0,0,NA,1
2.75,189797.59401229228,0,0,189797.59401229228,0,0,0,0,0,NA,0,0,1,0,0,0,0,0,NA,1
3,94898.79700614612,0,0,0,94898.79700614612,0,0,0,0,NA,0,0,0,1,0,0,0,0,NA,1
3.25,94898.79700614612,0,0,0,94898.79700614612,0,0,0,0,NA,0,0,0,1,0,0,0,0,NA,1
3.5,47449.39850307306,0,0,0,0,47449.39850307306,0,0,0,NA,0,0,0,0,1,0,0,0,NA,1
3.75,47449.39850307306,0,0,0,0,47449.39850307306,0,0,0,NA,0,0,0,0,1,0,0,0,NA,1
4,47449.39850307306,0,0,0,0,47449.39850307306,0,0,0,NA,0,0,0,0,1,0,0,0,NA,1
4.25,47449.39850307306,0,0,0,0,47449.39850307306,0,0,0,NA,0,0,0,0,1,0,0,0,NA,1
4.5,47449.39850307306,0,0,0,0,47449.39850307306,0,0,0,NA,0,0,0,0,1,0,0,0,NA,1
4.75,47449.39850307306,0,0,0,0,47449.39850307306,0,0,0,NA,0,0,0,0,1,0,0,0,NA,1
5,47449.39850307306,0,0,0,0,47449.39850307306,0,0,0,NA,0,0,0,0,1,0,0,0,NA,1
5.25,47449.39850307306,0,0,0,0,47449.39850307306,0,0,0,NA,0,0,0,0,1,0,0,0,NA,1
5.5,23724.699251536527,0,0,0,0,0,23724.699251536527,0,0,NA,0,0,0,0,0,1,0,0,NA,1
5.75,11862.349625768262,0,0,0,0,0,0,11862.349625768262,0,NA,0,0,0,0,0,0,1,0,NA,1
6,11862.349625768262,0,0,0,0,0,0,11862.349625768262,0,NA,0,0,0,0,0,0,1,0,NA,1
6.25,11862.349625768262,0,0,0,0,0,0,11862.349625768262,0,NA,0,0,0,0,0,0,1,0,NA,1
6.5,NA,0,0,0,0,0,0,0,NA,NA,0,0,0,0,0,0,0,NA,NA,1
6.75,NA,0,0,0,0,0,0,0,NA,NA,0,0,0,0,0,0,0,NA,NA,1
7,NA,0,0,0,0,0,0,0,NA,NA,0,0,0,0,0,0,0,NA,NA,1
0,492345.8264613487,492345.8264613487,0,0,0,0,0,0,0,NA,1,0,0,0,0,0,0,0,NA,2
0.25,492345.8264613487,492345.8264613487,0,0,0,0,0,0,0,NA,1,0,0,0,0,0,0,0,NA,2
0.5,492345.8264613487,492345.8264613487,0,0,0,0,0,0,0,NA,1,0,0,0,0,0,0,0,NA,2
0.75,492345.8264613487,492345.8264613487,0,0,0,0,0,0,0,NA,1,0,0,0,0,0,0,0,NA,2
1,492345.8264613487,492345.8264613487,0,0,0,0,0,0,0,NA,1,0,0,0,0,0,0,0,NA,2
1.25,492345.8264613487,492345.8264613487,0,0,0,0,0,0,0,NA,1,0,0,0,0,0,0,0,NA,2
1.5,492345.8264613487,492345.8264613487,0,0,0,0,0,0,0,NA,1,0,0,0,0,0,0,0,NA,2
1.75,492345.8264613487,492345.8264613487,0,0,0,0,0,0,0,NA,1,0,0,0,0,0,0,0,NA,2
2,3938766.611690791,0,3938766.611690791,0,0,0,0,0,0,NA,0,1,0,0,0,0,0,0,NA,2
2.25,3938766.611690791,0,0,0,3938766.611690791,0,0,0,0,NA,0,0,0,1,0,0,0,0,NA,2
2.5,3938766.611690791,0,0,0,3938766.611690791,0,0,0,0,NA,0,0,0,1,0,0,0,0,NA,2
2.75,3938766.611690791,0,0,0,3938766.611690791,0,0,0,0,NA,0,0,0,1,0,0,0,0,NA,2
3,3938766.611690791,0,0,0,3938766.611690791,0,0,0,0,NA,0,0,0,1,0,0,0,0,NA,2
3.25,1969383.3058453952,0,0,0,0,1969383.3058453952,0,0,0,NA,0,0,0,0,1,0,0,0,NA,2
3.5,1969383.3058453952,0,0,0,0,1969383.3058453952,0,0,0,NA,0,0,0,0,1,0,0,0,NA,2
3.75,984691.6529226975,0,0,0,0,0,984691.6529226975,0,0,NA,0,0,0,0,0,1,0,0,NA,2
4,984691.6529226975,0,0,0,0,0,984691.6529226975,0,0,NA,0,0,0,0,0,1,0,0,NA,2
4.25,984691.6529226975,0,0,0,0,0,984691.6529226975,0,0,NA,0,0,0,0,0,1,0,0,NA,2
4.5,984691.6529226975,0,0,0,0,0,984691.6529226975,0,0,NA,0,0,0,0,0,1,0,0,NA,2
4.75,984691.6529226975,0,0,0,0,0,984691.6529226975,0,0,NA,0,0,0,0,0,1,0,0,NA,2
5,984691.6529226975,0,0,0,0,0,984691.6529226975,0,0,NA,0,0,0,0,0,1,0,0,NA,2
5.25,NA,0,0,0,0,0,0,0,NA,NA,0,0,0,0,0,0,0,NA,NA,2
5.5,NA,0,0,0,0,0,0,0,NA,NA,0,0,0,0,0,0,0,NA,NA,2
5.75,NA,0,0,0,0,0,0,0,NA,NA,0,0,0,0,0,0,0,NA,NA,2
6,NA,0,0,0,0,0,0,0,NA,NA,0,0,0,0,0,0,0,NA,NA,2
0,3731756.2556296685,3731756.2556296685,0,0,0,0,0,0,0,NA,1,0,0,0,0,0,0,0,NA,3
0.25,3731756.2556296685,3731756.2556296685,0,0,0,0,0,0,0,NA,1,0,0,0,0,0,0,0,NA,3
0.5,3731756.2556296685,3731756.2556296685,0,0,0,0,0,0,0,NA,1,0,0,0,0,0,0,0,NA,3
0.75,3731756.2556296685,3731756.2556296685,0,0,0,0,0,0,0,NA,1,0,0,0,0,0,0,0,NA,3
1,3731756.2556296685,3731756.2556296685,0,0,0,0,0,0,0,NA,1,0,0,0,0,0,0,0,NA,3
1.25,3731756.2556296685,3731756.2556296685,0,0,0,0,0,0,0,NA,1,0,0,0,0,0,0,0,NA,3
1.5,3731756.2556296685,3731756.2556296685,0,0,0,0,0,0,0,NA,1,0,0,0,0,0,0,0,NA,3
1.75,29854050.045037363,0,29854050.045037363,0,0,0,0,0,0,NA,0,1,0,0,0,0,0,0,NA,3
2,29854050.045037363,0,29854050.045037363,0,0,0,0,0,0,NA,0,1,0,0,0,0,0,0,NA,3
2.25,29854050.045037363,0,29854050.045037363,0,0,0,0,0,0,NA,0,1,0,0,0,0,0,0,NA,3
2.5,29854050.045037363,0,29854050.045037363,0,0,0,0,0,0,NA,0,1,0,0,0,0,0,0,NA,3
2.75,29854050.045037363,0,29854050.045037363,0,0,0,0,0,0,NA,0,1,0,0,0,0,0,0,NA,3
3,59708100.09007473,0,0,59708100.09007473,0,0,0,0,0,NA,0,0,1,0,0,0,0,0,NA,3
3.25,29854050.045037363,0,0,0,29854050.045037363,0,0,0,0,NA,0,0,0,1,0,0,0,0,NA,3
3.5,29854050.045037363,0,0,0,29854050.045037363,0,0,0,0,NA,0,0,0,1,0,0,0,0,NA,3
3.75,29854050.045037363,0,0,0,29854050.045037363,0,0,0,0,NA,0,0,0,1,0,0,0,0,NA,3
4,29854050.045037363,0,0,0,29854050.045037363,0,0,0,0,NA,0,0,0,1,0,0,0,0,NA,3
4.25,29854050.045037363,0,0,0,29854050.045037363,0,0,0,0,NA,0,0,0,1,0,0,0,0,NA,3
4.5,29854050.045037363,0,0,0,29854050.045037363,0,0,0,0,NA,0,0,0,1,0,0,0,0,NA,3
4.75,29854050.045037363,0,0,0,29854050.045037363,0,0,0,0,NA,0,0,0,1,0,0,0,0,NA,3
5,29854050.045037363,0,0,0,29854050.045037363,0,0,0,0,NA,0,0,0,1,0,0,0,0,NA,3
5.25,29854050.045037363,0,0,0,29854050.045037363,0,0,0,0,NA,0,0,0,1,0,0,0,0,NA,3
5.5,14927025.022518678,0,0,0,0,14927025.022518678,0,0,0,NA,0,0,0,0,1,0,0,0,NA,3
5.75,3731756.2556296685,0,0,0,0,0,0,3731756.2556296685,0,NA,0,0,0,0,0,0,1,0,NA,3
6,NA,0,0,0,0,0,0,0,NA,NA,0,0,0,0,0,0,0,NA,NA,3
0,680.8663816585364,680.8663816585364,0,0,0,0,0,0,0,NA,1,0,0,0,0,0,0,0,NA,4
0.25,5446.931053268293,0,5446.931053268293,0,0,0,0,0,0,NA,0,1,0,0,0,0,0,0,NA,4
0.5,5446.931053268293,0,5446.931053268293,0,0,0,0,0,0,NA,0,1,0,0,0,0,0,0,NA,4
0.75,5446.931053268293,0,5446.931053268293,0,0,0,0,0,0,NA,0,1,0,0,0,0,0,0,NA,4
1,5446.931053268293,0,5446.931053268293,0,0,0,0,0,0,NA,0,1,0,0,0,0,0,0,NA,4
1.25,10893.862106536599,0,0,10893.862106536599,0,0,0,0,0,NA,0,0,1,0,0,0,0,0,NA,4
1.5,10893.862106536599,0,0,10893.862106536599,0,0,0,0,0,NA,0,0,1,0,0,0,0,0,NA,4
1.75,5446.931053268293,0,0,0,5446.931053268293,0,0,0,0,NA,0,0,0,1,0,0,0,0,NA,4
2,5446.931053268293,0,0,0,5446.931053268293,0,0,0,0,NA,0,0,0,1,0,0,0,0,NA,4
2.25,1361.732763317073,0,0,0,0,0,1361.732763317073,0,0,NA,0,0,0,0,0,1,0,0,NA,4
2.5,1361.732763317073,0,0,0,0,0,1361.732763317073,0,0,NA,0,0,0,0,0,1,0,0,NA,4
2.75,1361.732763317073,0,0,0,0,0,1361.732763317073,0,0,NA,0,0,0,0,0,1,0,0,NA,4
3,1361.732763317073,0,0,0,0,0,1361.732763317073,0,0,NA,0,0,0,0,0,1,0,0,NA,4
3.25,1361.732763317073,0,0,0,0,0,1361.732763317073,0,0,NA,0,0,0,0,0,1,0,0,NA,4
3.5,1361.732763317073,0,0,0,0,0,1361.732763317073,0,0,NA,0,0,0,0,0,1,0,0,NA,4
3.75,1361.732763317073,0,0,0,0,0,1361.732763317073,0,0,NA,0,0,0,0,0,1,0,0,NA,4
4,1361.732763317073,0,0,0,0,0,1361.732763317073,0,0,NA,0,0,0,0,0,1,0,0,NA,4
4.25,1361.732763317073,0,0,0,0,0,1361.732763317073,0,0,NA,0,0,0,0,0,1,0,0,NA,4
4.5,1361.732763317073,0,0,0,0,0,1361.732763317073,0,0,NA,0,0,0,0,0,1,0,0,NA,4
4.75,1361.732763317073,0,0,0,0,0,1361.732763317073,0,0,NA,0,0,0,0,0,1,0,0,NA,4
5,680.8663816585364,0,0,0,0,0,0,680.8663816585364,0,NA,0,0,0,0,0,0,1,0,NA,4
5.25,680.8663816585364,0,0,0,0,0,0,680.8663816585364,0,NA,0,0,0,0,0,0,1,0,NA,4
5.5,680.8663816585364,0,0,0,0,0,0,680.8663816585364,0,NA,0,0,0,0,0,0,1,0,NA,4
5.75,680.8663816585364,0,0,0,0,0,0,680.8663816585364,0,NA,0,0,0,0,0,0,1,0,NA,4
6,680.8663816585364,0,0,0,0,0,0,680.8663816585364,0,NA,0,0,0,0,0,0,1,0,NA,4
6.25,NA,0,0,0,0,0,0,0,NA,NA,0,0,0,0,0,0,0,NA,NA,4
6.5,NA,0,0,0,0,0,0,0,NA,NA,0,0,0,0,0,0,0,NA,NA,4
6.75,NA,0,0,0,0,0,0,0,NA,NA,0,0,0,0,0,0,0,NA,NA,4
7,NA,0,0,0,0,0,0,0,NA,NA,0,0,0,0,0,0,0,NA,NA,4
0,720473.9748399818,720473.9748399818,0,0,0,0,0,0,0,NA,1,0,0,0,0,0,0,0,NA,5
0.25,720473.9748399818,720473.9748399818,0,0,0,0,0,0,0,NA,1,0,0,0,0,0,0,0,NA,5
0.5,720473.9748399818,720473.9748399818,0,0,0,0,0,0,0,NA,1,0,0,0,0,0,0,0,NA,5
0.75,720473.9748399818,720473.9748399818,0,0,0,0,0,0,0,NA,1,0,0,0,0,0,0,0,NA,5
1,720473.9748399818,720473.9748399818,0,0,0,0,0,0,0,NA,1,0,0,0,0,0,0,0,NA,5
1.25,720473.9748399818,720473.9748399818,0,0,0,0,0,0,0,NA,1,0,0,0,0,0,0,0,NA,5
1.5,720473.9748399818,720473.9748399818,0,0,0,0,0,0,0,NA,1,0,0,0,0,0,0,0,NA,5
1.75,720473.9748399818,720473.9748399818,0,0,0,0,0,0,0,NA,1,0,0,0,0,0,0,0,NA,5
2,5763791.798719857,0,5763791.798719857,0,0,0,0,0,0,NA,0,1,0,0,0,0,0,0,NA,5
2.25,2881895.899359928,0,0,0,0,2881895.899359928,0,0,0,NA,0,0,0,0,1,0,0,0,NA,5
2.5,2881895.899359928,0,0,0,0,2881895.899359928,0,0,0,NA,0,0,0,0,1,0,0,0,NA,5
2.75,2881895.899359928,0,0,0,0,2881895.899359928,0,0,0,NA,0,0,0,0,1,0,0,0,NA,5
3,2881895.899359928,0,0,0,0,2881895.899359928,0,0,0,NA,0,0,0,0,1,0,0,0,NA,5
3.25,1440947.9496799638,0,0,0,0,0,1440947.9496799638,0,0,NA,0,0,0,0,0,1,0,0,NA,5
3.5,1440947.9496799638,0,0,0,0,0,1440947.9496799638,0,0,NA,0,0,0,0,0,1,0,0,NA,5
3.75,1440947.9496799638,0,0,0,0,0,1440947.9496799638,0,0,NA,0,0,0,0,0,1,0,0,NA,5
4,720473.9748399818,0,0,0,0,0,0,720473.9748399818,0,NA,0,0,0,0,0,0,1,0,NA,5
4.25,720473.9748399818,0,0,0,0,0,0,720473.9748399818,0,NA,0,0,0,0,0,0,1,0,NA,5
4.5,720473.9748399818,0,0,0,0,0,0,720473.9748399818,0,NA,0,0,0,0,0,0,1,0,NA,5
4.75,720473.9748399818,0,0,0,0,0,0,720473.9748399818,0,NA,0,0,0,0,0,0,1,0,NA,5
5,720473.9748399818,0,0,0,0,0,0,720473.9748399818,0,NA,0,0,0,0,0,0,1,0,NA,5
5.25,NA,0,0,0,0,0,0,0,NA,NA,0,0,0,0,0,0,0,NA,NA,5
5.5,NA,0,0,0,0,0,0,0,NA,NA,0,0,0,0,0,0,0,NA,NA,5
5.75,NA,0,0,0,0,0,0,0,NA,NA,0,0,0,0,0,0,0,NA,NA,5
6,NA,0,0,0,0,0,0,0,NA,NA,0,0,0,0,0,0,0,NA,NA,5
0,873923.281858167,873923.281858167,0,0,0,0,0,0,0,NA,1,0,0,0,0,0,0,0,NA,6
0.25,6991386.254865339,0,6991386.254865339,0,0,0,0,0,0,NA,0,1,0,0,0,0,0,0,NA,6
0.5,6991386.254865339,0,6991386.254865339,0,0,0,0,0,0,NA,0,1,0,0,0,0,0,0,NA,6
0.75,6991386.254865339,0,6991386.254865339,0,0,0,0,0,0,NA,0,1,0,0,0,0,0,0,NA,6
1,13982772.50973068,0,0,13982772.50973068,0,0,0,0,0,NA,0,0,1,0,0,0,0,0,NA,6
1.25,13982772.50973068,0,0,13982772.50973068,0,0,0,0,0,NA,0,0,1,0,0,0,0,0,NA,6
1.5,13982772.50973068,0,0,13982772.50973068,0,0,0,0,0,NA,0,0,1,0,0,0,0,0,NA,6
1.75,6991386.254865339,0,0,0,6991386.254865339,0,0,0,0,NA,0,0,0,1,0,0,0,0,NA,6
2,3495693.127432669,0,0,0,0,3495693.127432669,0,0,0,NA,0,0,0,0,1,0,0,0,NA,6
2.25,1747846.5637163343,0,0,0,0,0,1747846.5637163343,0,0,NA,0,0,0,0,0,1,0,0,NA,6
2.5,1747846.5637163343,0,0,0,0,0,1747846.5637163343,0,0,NA,0,0,0,0,0,1,0,0,NA,6
2.75,1747846.5637163343,0,0,0,0,0,1747846.5637163343,0,0,NA,0,0,0,0,0,1,0,0,NA,6
3,1747846.5637163343,0,0,0,0,0,1747846.5637163343,0,0,NA,0,0,0,0,0,1,0,0,NA,6
3.25,1747846.5637163343,0,0,0,0,0,1747846.5637163343,0,0,NA,0,0,0,0,0,1,0,0,NA,6
3.5,1747846.5637163343,0,0,0,0,0,1747846.5637163343,0,0,NA,0,0,0,0,0,1,0,0,NA,6
3.75,1747846.5637163343,0,0,0,0,0,1747846.5637163343,0,0,NA,0,0,0,0,0,1,0,0,NA,6
4,1747846.5637163343,0,0,0,0,0,1747846.5637163343,0,0,NA,0,0,0,0,0,1,0,0,NA,6
4.25,1747846.5637163343,0,0,0,0,0,1747846.5637163343,0,0,NA,0,0,0,0,0,1,0,0,NA,6
4.5,1747846.5637163343,0,0,0,0,0,1747846.5637163343,0,0,NA,0,0,0,0,0,1,0,0,NA,6
4.75,1747846.5637163343,0,0,0,0,0,1747846.5637163343,0,0,NA,0,0,0,0,0,1,0,0,NA,6
5,873923.281858167,0,0,0,0,0,0,873923.281858167,0,NA,0,0,0,0,0,0,1,0,NA,6
5.25,873923.281858167,0,0,0,0,0,0,873923.281858167,0,NA,0,0,0,0,0,0,1,0,NA,6
5.5,NA,0,0,0,0,0,0,0,NA,NA,0,0,0,0,0,0,0,NA,NA,6
5.75,NA,0,0,0,0,0,0,0,NA,NA,0,0,0,0,0,0,0,NA,NA,6
6,NA,0,0,0,0,0,0,0,NA,NA,0,0,0,0,0,0,0,NA,NA,6
0,57997.04018350583,57997.04018350583,0,0,0,0,0,0,0,NA,1,0,0,0,0,0,0,0,NA,7
0.25,463976.3214680468,0,463976.3214680468,0,0,0,0,0,0,NA,0,1,0,0,0,0,0,0,NA,7
0.5,463976.3214680468,0,463976.3214680468,0,0,0,0,0,0,NA,0,1,0,0,0,0,0,0,NA,7
0.75,463976.3214680468,0,0,0,463976.3214680468,0,0,0,0,NA,0,0,0,1,0,0,0,0,NA,7
1,463976.3214680468,0,0,0,463976.3214680468,0,0,0,0,NA,0,0,0,1,0,0,0,0,NA,7
1.25,463976.3214680468,0,0,0,463976.3214680468,0,0,0,0,NA,0,0,0,1,0,0,0,0,NA,7
1.5,231988.16073402337,0,0,0,0,231988.16073402337,0,0,0,NA,0,0,0,0,1,0,0,0,NA,7
1.75,231988.16073402337,0,0,0,0,231988.16073402337,0,0,0,NA,0,0,0,0,1,0,0,0,NA,7
2,231988.16073402337,0,0,0,0,231988.16073402337,0,0,0,NA,0,0,0,0,1,0,0,0,NA,7
2.25,57997.04018350583,0,0,0,0,0,0,57997.04018350583,0,NA,0,0,0,0,0,0,1,0,NA,7
2.5,NA,0,0,0,0,0,0,0,NA,NA,0,0,0,0,0,0,0,NA,NA,7
2.75,NA,0,0,0,0,0,0,0,NA,NA,0,0,0,0,0,0,0,NA,NA,7
3,NA,0,0,0,0,0,0,0,NA,NA,0,0,0,0,0,0,0,NA,NA,7
0,62236.285460299805,62236.285460299805,0,0,0,0,0,0,0,NA,1,0,0,0,0,0,0,0,NA,8
0.25,62236.285460299805,62236.285460299805,0,0,0,0,0,0,0,NA,1,0,0,0,0,0,0,0,NA,8
0.5,62236.285460299805,62236.285460299805,0,0,0,0,0,0,0,NA,1,0,0,0,0,0,0,0,NA,8
0.75,62236.285460299805,62236.285460299805,0,0,0,0,0,0,0,NA,1,0,0,0,0,0,0,0,NA,8
1,497890.2836823987,0,497890.2836823987,0,0,0,0,0,0,NA,0,1,0,0,0,0,0,0,NA,8
1.25,497890.2836823987,0,497890.2836823987,0,0,0,0,0,0,NA,0,1,0,0,0,0,0,0,NA,8
1.5,497890.2836823987,0,497890.2836823987,0,0,0,0,0,0,NA,0,1,0,0,0,0,0,0,NA,8
1.75,497890.2836823987,0,497890.2836823987,0,0,0,0,0,0,NA,0,1,0,0,0,0,0,0,NA,8
2,995780.5673647975,0,0,995780.5673647975,0,0,0,0,0,NA,0,0,1,0,0,0,0,0,NA,8
2.25,995780.5673647975,0,0,995780.5673647975,0,0,0,0,0,NA,0,0,1,0,0,0,0,0,NA,8
2.5,995780.5673647975,0,0,995780.5673647975,0,0,0,0,0,NA,0,0,1,0,0,0,0,0,NA,8
2.75,497890.2836823987,0,0,0,497890.2836823987,0,0,0,0,NA,0,0,0,1,0,0,0,0,NA,8
3,497890.2836823987,0,0,0,497890.2836823987,0,0,0,0,NA,0,0,0,1,0,0,0,0,NA,8
3.25,248945.14184119928,0,0,0,0,248945.14184119928,0,0,0,NA,0,0,0,0,1,0,0,0,NA,8
3.5,248945.14184119928,0,0,0,0,248945.14184119928,0,0,0,NA,0,0,0,0,1,0,0,0,NA,8
3.75,248945.14184119928,0,0,0,0,248945.14184119928,0,0,0,NA,0,0,0,0,1,0,0,0,NA,8
4,124472.57092059962,0,0,0,0,0,124472.57092059962,0,0,NA,0,0,0,0,0,1,0,0,NA,8
4.25,124472.57092059962,0,0,0,0,0,124472.57092059962,0,0,NA,0,0,0,0,0,1,0,0,NA,8
4.5,124472.57092059962,0,0,0,0,0,124472.57092059962,0,0,NA,0,0,0,0,0,1,0,0,NA,8
4.75,124472.57092059962,0,0,0,0,0,124472.57092059962,0,0,NA,0,0,0,0,0,1,0,0,NA,8
5,124472.57092059962,0,0,0,0,0,124472.57092059962,0,0,NA,0,0,0,0,0,1,0,0,NA,8
5.25,124472.57092059962,0,0,0,0,0,124472.57092059962,0,0,NA,0,0,0,0,0,1,0,0,NA,8
5.5,62236.285460299805,0,0,0,0,0,0,62236.285460299805,0,NA,0,0,0,0,0,0,1,0,NA,8
5.75,62236.285460299805,0,0,0,0,0,0,62236.285460299805,0,NA,0,0,0,0,0,0,1,0,NA,8
6,62236.285460299805,0,0,0,0,0,0,62236.285460299805,0,NA,0,0,0,0,0,0,1,0,NA,8
6.25,62236.285460299805,0,0,0,0,0,0,62236.285460299805,0,NA,0,0,0,0,0,0,1,0,NA,8
6.5,62236.285460299805,0,0,0,0,0,0,62236.285460299805,0,NA,0,0,0,0,0,0,1,0,NA,8
6.75,62236.285460299805,0,0,0,0,0,0,62236.285460299805,0,NA,0,0,0,0,0,0,1,0,NA,8
7,62236.285460299805,0,0,0,0,0,0,62236.285460299805,0,NA,0,0,0,0,0,0,1,0,NA,8
7.25,62236.285460299805,0,0,0,0,0,0,62236.285460299805,0,NA,0,0,0,0,0,0,1,0,NA,8
7.5,62236.285460299805,0,0,0,0,0,0,62236.285460299805,0,NA,0,0,0,0,0,0,1,0,NA,8
7.75,62236.285460299805,0,0,0,0,0,0,62236.285460299805,0,NA,0,0,0,0,0,0,1,0,NA,8
8,62236.285460299805,0,0,0,0,0,0,62236.285460299805,0,NA,0,0,0,0,0,0,1,0,NA,8
8.25,62236.285460299805,0,0,0,0,0,0,62236.285460299805,0,NA,0,0,0,0,0,0,1,0,NA,8
8.5,62236.285460299805,0,0,0,0,0,0,62236.285460299805,0,NA,0,0,0,0,0,0,1,0,NA,8
8.75,62236.285460299805,0,0,0,0,0,0,62236.285460299805,0,NA,0,0,0,0,0,0,1,0,NA,8
9,62236.285460299805,0,0,0,0,0,0,62236.285460299805,0,NA,0,0,0,0,0,0,1,0,NA,8
9.25,62236.285460299805,0,0,0,0,0,0,62236.285460299805,0,NA,0,0,0,0,0,0,1,0,NA,8
9.5,62236.285460299805,0,0,0,0,0,0,62236.285460299805,0,NA,0,0,0,0,0,0,1,0,NA,8
9.75,62236.285460299805,0,0,0,0,0,0,62236.285460299805,0,NA,0,0,0,0,0,0,1,0,NA,8
10,62236.285460299805,0,0,0,0,0,0,62236.285460299805,0,NA,0,0,0,0,0,0,1,0,NA,8
10.25,62236.285460299805,0,0,0,0,0,0,62236.285460299805,0,NA,0,0,0,0,0,0,1,0,NA,8
10.5,62236.285460299805,0,0,0,0,0,0,62236.285460299805,0,NA,0,0,0,0,0,0,1,0,NA,8
10.75,62236.285460299805,0,0,0,0,0,0,62236.285460299805,0,NA,0,0,0,0,0,0,1,0,NA,8
11,62236.285460299805,0,0,0,0,0,0,62236.285460299805,0,NA,0,0,0,0,0,0,1,0,NA,8
11.25,62236.285460299805,0,0,0,0,0,0,62236.285460299805,0,NA,0,0,0,0,0,0,1,0,NA,8
11.5,62236.285460299805,0,0,0,0,0,0,62236.285460299805,0,NA,0,0,0,0,0,0,1,0,NA,8
11.75,62236.285460299805,0,0,0,0,0,0,62236.285460299805,0,NA,0,0,0,0,0,0,1,0,NA,8
12,62236.285460299805,0,0,0,0,0,0,62236.285460299805,0,NA,0,0,0,0,0,0,1,0,NA,8
12.25,NA,0,0,0,0,0,0,0,NA,NA,0,0,0,0,0,0,0,NA,NA,8
12.5,NA,0,0,0,0,0,0,0,NA,NA,0,0,0,0,0,0,0,NA,NA,8
12.75,NA,0,0,0,0,0,0,0,NA,NA,0,0,0,0,0,0,0,NA,NA,8
13,NA,0,0,0,0,0,0,0,NA,NA,0,0,0,0,0,0,0,NA,NA,8
0,59514.07773607447,59514.07773607447,0,0,0,0,0,0,0,NA,1,0,0,0,0,0,0,0,NA,9
0.25,59514.07773607447,59514.07773607447,0,0,0,0,0,0,0,NA,1,0,0,0,0,0,0,0,NA,9
0.5,59514.07773607447,59514.07773607447,0,0,0,0,0,0,0,NA,1,0,0,0,0,0,0,0,NA,9
0.75,59514.07773607447,59514.07773607447,0,0,0,0,0,0,0,NA,1,0,0,0,0,0,0,0,NA,9
1,59514.07773607447,59514.07773607447,0,0,0,0,0,0,0,NA,1,0,0,0,0,0,0,0,NA,9
1.25,59514.07773607447,59514.07773607447,0,0,0,0,0,0,0,NA,1,0,0,0,0,0,0,0,NA,9
1.5,476112.621888596,0,476112.621888596,0,0,0,0,0,0,NA,0,1,0,0,0,0,0,0,NA,9
1.75,476112.621888596,0,476112.621888596,0,0,0,0,0,0,NA,0,1,0,0,0,0,0,0,NA,9
2,476112.621888596,0,476112.621888596,0,0,0,0,0,0,NA,0,1,0,0,0,0,0,0,NA,9
2.25,952225.2437771921,0,0,952225.2437771921,0,0,0,0,0,NA,0,0,1,0,0,0,0,0,NA,9
2.5,952225.2437771921,0,0,952225.2437771921,0,0,0,0,0,NA,0,0,1,0,0,0,0,0,NA,9
2.75,476112.621888596,0,0,0,476112.621888596,0,0,0,0,NA,0,0,0,1,0,0,0,0,NA,9
3,476112.621888596,0,0,0,476112.621888596,0,0,0,0,NA,0,0,0,1,0,0,0,0,NA,9
3.25,476112.621888596,0,0,0,476112.621888596,0,0,0,0,NA,0,0,0,1,0,0,0,0,NA,9
3.5,476112.621888596,0,0,0,476112.621888596,0,0,0,0,NA,0,0,0,1,0,0,0,0,NA,9
3.75,476112.621888596,0,0,0,476112.621888596,0,0,0,0,NA,0,0,0,1,0,0,0,0,NA,9
4,476112.621888596,0,0,0,476112.621888596,0,0,0,0,NA,0,0,0,1,0,0,0,0,NA,9
4.25,476112.621888596,0,0,0,476112.621888596,0,0,0,0,NA,0,0,0,1,0,0,0,0,NA,9
4.5,476112.621888596,0,0,0,476112.621888596,0,0,0,0,NA,0,0,0,1,0,0,0,0,NA,9
4.75,238056.31094429793,0,0,0,0,238056.31094429793,0,0,0,NA,0,0,0,0,1,0,0,0,NA,9
5,238056.31094429793,0,0,0,0,238056.31094429793,0,0,0,NA,0,0,0,0,1,0,0,0,NA,9
5.25,238056.31094429793,0,0,0,0,238056.31094429793,0,0,0,NA,0,0,0,0,1,0,0,0,NA,9
5.5,238056.31094429793,0,0,0,0,238056.31094429793,0,0,0,NA,0,0,0,0,1,0,0,0,NA,9
5.75,119028.15547214895,0,0,0,0,0,119028.15547214895,0,0,NA,0,0,0,0,0,1,0,0,NA,9
6,119028.15547214895,0,0,0,0,0,119028.15547214895,0,0,NA,0,0,0,0,0,1,0,0,NA,9
6.25,119028.15547214895,0,0,0,0,0,119028.15547214895,0,0,NA,0,0,0,0,0,1,0,0,NA,9
6.5,NA,0,0,0,0,0,0,0,NA,NA,0,0,0,0,0,0,0,NA,NA,9
6.75,NA,0,0,0,0,0,0,0,NA,NA,0,0,0,0,0,0,0,NA,NA,9
7,NA,0,0,0,0,0,0,0,NA,NA,0,0,0,0,0,0,0,NA,NA,9
0,26286.40248142162,26286.40248142162,0,0,0,0,0,0,0,NA,1,0,0,0,0,0,0,0,NA,10
0.25,210291.21985137305,0,210291.21985137305,0,0,0,0,0,0,NA,0,1,0,0,0,0,0,0,NA,10
0.5,210291.21985137305,0,210291.21985137305,0,0,0,0,0,0,NA,0,1,0,0,0,0,0,0,NA,10
0.75,210291.21985137305,0,210291.21985137305,0,0,0,0,0,0,NA,0,1,0,0,0,0,0,0,NA,10
1,420582.43970274617,0,0,420582.43970274617,0,0,0,0,0,NA,0,0,1,0,0,0,0,0,NA,10
1.25,420582.43970274617,0,0,420582.43970274617,0,0,0,0,0,NA,0,0,1,0,0,0,0,0,NA,10
1.5,420582.43970274617,0,0,420582.43970274617,0,0,0,0,0,NA,0,0,1,0,0,0,0,0,NA,10
1.75,210291.21985137305,0,0,0,210291.21985137305,0,0,0,0,NA,0,0,0,1,0,0,0,0,NA,10
2,105145.60992568651,0,0,0,0,105145.60992568651,0,0,0,NA,0,0,0,0,1,0,0,0,NA,10
2.25,52572.80496284325,0,0,0,0,0,52572.80496284325,0,0,NA,0,0,0,0,0,1,0,0,NA,10
2.5,52572.80496284325,0,0,0,0,0,52572.80496284325,0,0,NA,0,0,0,0,0,1,0,0,NA,10
2.75,52572.80496284325,0,0,0,0,0,52572.80496284325,0,0,NA,0,0,0,0,0,1,0,0,NA,10
3,52572.80496284325,0,0,0,0,0,52572.80496284325,0,0,NA,0,0,0,0,0,1,0,0,NA,10
3.25,52572.80496284325,0,0,0,0,0,52572.80496284325,0,0,NA,0,0,0,0,0,1,0,0,NA,10
3.5,52572.80496284325,0,0,0,0,0,52572.80496284325,0,0,NA,0,0,0,0,0,1,0,0,NA,10
3.75,52572.80496284325,0,0,0,0,0,52572.80496284325,0,0,NA,0,0,0,0,0,1,0,0,NA,10
4,52572.80496284325,0,0,0,0,0,52572.80496284325,0,0,NA,0,0,0,0,0,1,0,0,NA,10
4.25,52572.80496284325,0,0,0,0,0,52572.80496284325,0,0,NA,0,0,0,0,0,1,0,0,NA,10
4.5,26286.40248142162,0,0,0,0,0,0,26286.40248142162,0,NA,0,0,0,0,0,0,1,0,NA,10
4.75,26286.40248142162,0,0,0,0,0,0,26286.40248142162,0,NA,0,0,0,0,0,0,1,0,NA,10
5,26286.40248142162,0,0,0,0,0,0,26286.40248142162,0,NA,0,0,0,0,0,0,1,0,NA,10
5.25,26286.40248142162,0,0,0,0,0,0,26286.40248142162,0,NA,0,0,0,0,0,0,1,0,NA,10
5.5,26286.40248142162,0,0,0,0,0,0,26286.40248142162,0,NA,0,0,0,0,0,0,1,0,NA,10
5.75,26286.40248142162,0,0,0,0,0,0,26286.40248142162,0,NA,0,0,0,0,0,0,1,0,NA,10
6,26286.40248142162,0,0,0,0,0,0,26286.40248142162,0,NA,0,0,0,0,0,0,1,0,NA,10
6.25,26286.40248142162,0,0,0,0,0,0,26286.40248142162,0,NA,0,0,0,0,0,0,1,0,NA,10
6.5,26286.40248142162,0,0,0,0,0,0,26286.40248142162,0,NA,0,0,0,0,0,0,1,0,NA,10
6.75,26286.40248142162,0,0,0,0,0,0,26286.40248142162,0,NA,0,0,0,0,0,0,1,0,NA,10
7,26286.40248142162,0,0,0,0,0,0,26286.40248142162,0,NA,0,0,0,0,0,0,1,0,NA,10
7.25,26286.40248142162,0,0,0,0,0,0,26286.40248142162,0,NA,0,0,0,0,0,0,1,0,NA,10
7.5,26286.40248142162,0,0,0,0,0,0,26286.40248142162,0,NA,0,0,0,0,0,0,1,0,NA,10
7.75,26286.40248142162,0,0,0,0,0,0,26286.40248142162,0,NA,0,0,0,0,0,0,1,0,NA,10
8,NA,0,0,0,0,0,0,0,NA,NA,0,0,0,0,0,0,0,NA,NA,10
