name,time,value,.lower,.upper,.width,.point,.interval
alpha_t_values,0,0.12240665369899771,0.10619835504515843,0.14116653601775142,0.5,median,qi
alpha_t_values,1,0.15571455648481863,0.1313536007436254,0.18442981636751007,0.5,median,qi
alpha_t_values,2,0.18785765067228488,0.15729968139672457,0.22363070443959288,0.5,median,qi
alpha_t_values,3,0.21426224296674817,0.18053688692584113,0.25238738970482555,0.5,median,qi
alpha_t_values,4,0.23644002073903492,0.2021814335196022,0.2748269476462429,0.5,median,qi
alpha_t_values,5,0.24306021604303082,0.2110118477778906,0.28222229043519975,0.5,median,qi
alpha_t_values,6,0.24135358155630254,0.2089023022364359,0.2769162314127177,0.5,median,qi
alpha_t_values,7,0.22683298413580555,0.19632837838955783,0.2593196808855721,0.5,median,qi
alpha_t_values,8,0.209147177188922,0.1830898181598809,0.23780768223244106,0.5,median,qi
alpha_t_values,9,0.19343788774584342,0.17094012775587222,0.22133475502597566,0.5,median,qi
alpha_t_values,10,0.18064674268130881,0.15516488312510027,0.20787426605133122,0.5,median,qi
alpha_t_values,11,0.17211452332587937,0.14633439909218723,0.2020754240599318,0.5,median,qi
alpha_t_values,12,0.16199928598832847,0.13694373403107463,0.19828780625437736,0.5,median,qi
alpha_t_values,13,0.16388279028052996,0.13207820996192132,0.20183971636622314,0.5,median,qi
E,0,4.987367488024037,4.821715405785635,5.188286645655862,0.5,median,qi
E,1,4.800171398706432,4.5297514061901145,5.076104111660049,0.5,median,qi
E,2,4.65503268194635,4.277882901744072,5.030809616801984,0.5,median,qi
E,3,4.530078363323728,4.0571704175273435,4.985574088915506,0.5,median,qi
E,4,4.415260105411619,3.9075497955265543,4.9510920398183504,0.5,median,qi
E,5,4.3210531871375295,3.7788259329791574,4.911710249533893,0.5,median,qi
E,6,4.228901929555429,3.681243820023602,4.865269229073902,0.5,median,qi
E,7,4.154988462952824,3.5812331666868165,4.820844519896763,0.5,median,qi
E,8,4.324533379390742,3.702759505033108,4.995602262329163,0.5,median,qi
E,9,4.463853695912652,3.8125318677926368,5.144314639659947,0.5,median,qi
E,10,4.547289607909542,3.8573066899861477,5.285214909539525,0.5,median,qi
E,11,4.618153296141292,3.885327721637645,5.383322169703547,0.5,median,qi
E,12,4.676097350295594,3.8998166855274974,5.473756604398448,0.5,median,qi
E,13,4.728000760035304,3.8995905381316107,5.560325813921896,0.5,median,qi
E,14,4.764492881475282,3.908822263991887,5.647773561651449,0.5,median,qi
E,15,5.065897102100545,4.129629949638375,5.9660298059740295,0.5,median,qi
E,16,5.318154996060313,4.326071846249506,6.2756475727333445,0.5,median,qi
E,17,5.495218985010552,4.468119965493068,6.541676712111267,0.5,median,qi
E,18,5.679194363633589,4.578355873666638,6.812363761395668,0.5,median,qi
E,19,5.828594760091114,4.670373733730017,7.040434528426267,0.5,median,qi
E,20,5.973856680974997,4.787546998309862,7.350305858081577,0.5,median,qi
E,21,6.122113325243353,4.879949227472043,7.598272554793833,0.5,median,qi
E,22,6.518577188889138,5.189035141234497,8.085878114727548,0.5,median,qi
E,23,6.884575004073226,5.438310060232025,8.505126397939556,0.5,median,qi
E,24,7.237672040545188,5.655591864800977,8.91489403171363,0.5,median,qi
E,25,7.5532467373681476,5.870566039664496,9.368247705767356,0.5,median,qi
E,26,7.8955688298879405,6.057616521444055,9.864582055301833,0.5,median,qi
E,27,8.238758631865943,6.253170960188415,10.388878537423151,0.5,median,qi
E,28,8.558361440195863,6.437428789335639,10.968123058407617,0.5,median,qi
E,29,9.170851445797254,6.981618600522175,11.701626476057015,0.5,median,qi
E,30,9.692709660398245,7.453612183591117,12.582443183740335,0.5,median,qi
E,31,10.278567530484029,7.816760978436289,13.433492091774497,0.5,median,qi
E,32,10.86607791731563,8.201224893160989,14.391758477495356,0.5,median,qi
E,33,11.446052592195134,8.585982110029137,15.213634576027896,0.5,median,qi
E,34,12.097661728926639,8.961212593731087,16.213303639142705,0.5,median,qi
E,35,12.816594798973103,9.340348079107276,17.19051908897478,0.5,median,qi
E,36,13.601732830271953,9.880679161484903,18.458487515761142,0.5,median,qi
E,37,14.551491217033137,10.4334649542706,19.66516788736079,0.5,median,qi
E,38,15.339134911622448,11.063784996880333,20.859948980445658,0.5,median,qi
E,39,16.23614606036681,11.644686209572237,22.183999751420828,0.5,median,qi
E,40,17.148265577785757,12.250365665562136,23.659379481456078,0.5,median,qi
E,41,18.077117995605704,12.873689328888863,25.35294035198347,0.5,median,qi
E,42,19.067187132845607,13.397161900037306,26.918071690877184,0.5,median,qi
E,43,20.200456332141457,14.062270108524872,28.206772222693044,0.5,median,qi
E,44,21.160834456543434,14.801164811956223,29.722775428317725,0.5,median,qi
E,45,22.227279424036347,15.571565941670434,31.485899645416907,0.5,median,qi
E,46,23.476876453228982,16.331762930308884,33.34985432413797,0.5,median,qi
E,47,24.806656355612276,17.216267960493596,35.23871744316366,0.5,median,qi
E,48,26.371809594922876,18.084254889028486,37.51419951029813,0.5,median,qi
E,49,27.939762640307524,19.056131050966528,39.92728994032642,0.5,median,qi
E,50,29.01991228008421,19.81345535761093,41.1179156122181,0.5,median,qi
E,51,30.41386082995024,20.87518395895426,42.598221076785876,0.5,median,qi
E,52,31.721164915566717,21.71989883589296,44.72627361044589,0.5,median,qi
E,53,33.36168141542724,22.828800137670896,46.91510003265026,0.5,median,qi
E,54,34.77592912707206,23.820735017064003,49.12348367319355,0.5,median,qi
E,55,36.443027516559376,24.85496553543497,51.56844189366946,0.5,median,qi
E,56,38.12909041533142,26.097209505958702,54.24116619595178,0.5,median,qi
E,57,39.259895466934154,26.642543801329698,55.432512345577045,0.5,median,qi
E,58,40.15695711110307,27.651549005716916,57.3893367636937,0.5,median,qi
E,59,41.15059386235658,28.53327925832943,59.33998432002302,0.5,median,qi
E,60,42.498668889527465,29.360590190042508,61.241279925226785,0.5,median,qi
E,61,44.07270957564929,30.342689412825443,63.87289032448395,0.5,median,qi
E,62,45.83669423408382,31.49803019019711,66.2843736375188,0.5,median,qi
E,63,47.56066302439501,32.559345004386145,68.6510564881768,0.5,median,qi
E,64,48.431740102790684,33.38012574760789,69.16896458689769,0.5,median,qi
E,65,49.533463173718104,34.08868350620489,69.6984140867409,0.5,median,qi
E,66,51.203516584085264,34.9199255671883,71.60074338228529,0.5,median,qi
E,67,52.25811135492952,35.66987902223228,73.2379690343328,0.5,median,qi
E,68,53.62927973031933,36.41700678717129,75.3487979190197,0.5,median,qi
E,69,55.02927757861064,37.388189991866255,77.37064260020887,0.5,median,qi
E,70,56.69805997310391,38.5337504079251,79.38350892059883,0.5,median,qi
E,71,57.4927787247039,38.899299723277174,79.77318998697164,0.5,median,qi
E,72,58.47365526110851,39.4539474806312,80.3609493904735,0.5,median,qi
E,73,58.82044680144881,40.56875997365272,81.43914652785318,0.5,median,qi
E,74,60.09941060919889,41.350316734264965,82.65206067044046,0.5,median,qi
E,75,61.17058791910458,42.121092760750884,84.32655893723262,0.5,median,qi
E,76,62.499020861070704,43.11892393558266,86.58140175681058,0.5,median,qi
E,77,63.70535711015446,43.805830661573054,88.34213183983354,0.5,median,qi
E,78,64.35732443570643,44.02420445962399,88.76051690231122,0.5,median,qi
E,79,64.94693470199881,44.538406382927974,90.1307637219084,0.5,median,qi
E,80,65.91411727266366,44.95602217443158,91.25405065788289,0.5,median,qi
E,81,66.06062529799308,45.1860193627339,92.86985198102869,0.5,median,qi
E,82,66.63356210306853,45.42281337924949,94.28692429833492,0.5,median,qi
E,83,67.88639015151554,45.735969620448586,95.9475087292451,0.5,median,qi
E,84,69.40847124049749,46.52666828520982,98.44393519865078,0.5,median,qi
E,85,69.75871447865279,46.7061298340376,98.57585102475188,0.5,median,qi
E,86,70.25715462653534,46.7701329023743,99.67223300646457,0.5,median,qi
E,87,70.54210233326847,46.91311315533305,101.78806764929305,0.5,median,qi
E,88,70.98148012343125,46.5352759942265,103.54482499860885,0.5,median,qi
E,89,71.68541917163355,46.73694584859132,105.9247761074315,0.5,median,qi
E,90,72.23721149847549,47.36252551805775,107.41171063127513,0.5,median,qi
E,91,72.44174727509592,47.52452071168678,109.4557181500538,0.5,median,qi
E,92,73.32102161026373,47.8704120939877,113.32203106148668,0.5,median,qi
E,93,74.6036519345578,48.072258749530256,114.52905943829009,0.5,median,qi
E,94,75.40664445050922,48.24080890954326,116.27385925654787,0.5,median,qi
E,95,75.43449792621146,48.85779488710271,118.3193851508343,0.5,median,qi
E,96,75.63626769919074,48.80914521053748,120.55269879623958,0.5,median,qi
E,97,76.06388989692888,48.71995466635491,122.57437526360586,0.5,median,qi
I,0,9.023642297789904,8.694214170606248,9.338233999314712,0.5,median,qi
I,1,8.97800328709429,8.658771898631997,9.369281001532414,0.5,median,qi
I,2,8.937018329734437,8.528790732006446,9.35119059521384,0.5,median,qi
I,3,8.852776601541311,8.374284994820743,9.31799163547566,0.5,median,qi
I,4,8.747533396991466,8.22219001165622,9.261776515278479,0.5,median,qi
I,5,8.633983613380991,8.08223899082572,9.186339298185363,0.5,median,qi
I,6,8.524934287194391,7.948781453383086,9.084837159804406,0.5,median,qi
I,7,8.401698239332587,7.787045059745089,8.996115850308716,0.5,median,qi
I,8,8.304477438280124,7.667682535347524,8.923955842289475,0.5,median,qi
I,9,8.265127762918613,7.608839019872335,8.889827215758867,0.5,median,qi
I,10,8.214498130185294,7.597172361887261,8.892703145698764,0.5,median,qi
I,11,8.219510928578963,7.569869852415572,8.919421247112322,0.5,median,qi
I,12,8.23293099217018,7.557737470209477,8.97684362818658,0.5,median,qi
I,13,8.27132617380815,7.552987655782744,9.07007007110994,0.5,median,qi
I,14,8.316353310497119,7.515836191053929,9.15024302350846,0.5,median,qi
I,15,8.381663331943955,7.5476357698562815,9.281844440873382,0.5,median,qi
I,16,8.525751576163225,7.64082568128398,9.460597136085742,0.5,median,qi
I,17,8.685175155461295,7.7204063742125895,9.671391418062278,0.5,median,qi
I,18,8.856051988825776,7.8540114235125635,9.923948329538566,0.5,median,qi
I,19,9.069658009150828,7.985901019731058,10.233611297606107,0.5,median,qi
I,20,9.290798736648036,8.157095137393583,10.554574813928983,0.5,median,qi
I,21,9.478537680231067,8.333092059130419,10.875413687045487,0.5,median,qi
I,22,9.747953687024836,8.526175475563647,11.23029145159826,0.5,median,qi
I,23,10.070851892049177,8.710762006825437,11.676209225881093,0.5,median,qi
I,24,10.440808986600276,8.953769206884207,12.127956386219577,0.5,median,qi
I,25,10.8328416338864,9.21980710200595,12.696048474694411,0.5,median,qi
I,26,11.278316933447034,9.522120724873872,13.304899525207011,0.5,median,qi
I,27,11.752016990016806,9.815788817661822,13.947543706393322,0.5,median,qi
I,28,12.196525518364938,10.096666205738883,14.652196935545895,0.5,median,qi
I,29,12.755911431189045,10.438294707579631,15.397010626508076,0.5,median,qi
I,30,13.355478315574345,10.872153716216765,16.222579236577666,0.5,median,qi
I,31,13.997296951978786,11.256278363346324,17.17823813526723,0.5,median,qi
I,32,14.689688543868968,11.785963127942932,18.16579039724619,0.5,median,qi
I,33,15.485711751872522,12.297302392792808,19.275383175767736,0.5,median,qi
I,34,16.28609759333591,12.859917479566981,20.457792770064195,0.5,median,qi
I,35,17.102223263662417,13.423682077631014,21.76582170353325,0.5,median,qi
I,36,18.08632831350708,14.082577406729131,23.059111073032994,0.5,median,qi
I,37,19.10205217485045,14.745988791901976,24.33562303105815,0.5,median,qi
I,38,20.08960486117197,15.49107346228808,25.894217350281288,0.5,median,qi
I,39,21.148565235679783,16.22714322296459,27.55661625126495,0.5,median,qi
I,40,22.396358379207243,17.01943554279282,29.38597934437469,0.5,median,qi
I,41,23.54612567746064,17.813863053477828,31.315004936100028,0.5,median,qi
I,42,24.799814010141283,18.808398946275915,33.33554921493315,0.5,median,qi
I,43,26.12865022924921,19.832053457340834,35.49792947041031,0.5,median,qi
I,44,27.61006342522306,20.882005818274646,37.719312137585405,0.5,median,qi
I,45,28.991100073167242,21.737544132527507,39.989222056819315,0.5,median,qi
I,46,30.636665980686303,22.974049569563697,42.08546614766824,0.5,median,qi
I,47,32.37251237556315,24.18022241785721,44.496518891040594,0.5,median,qi
I,48,34.13901330793933,25.580289914890113,46.89491964904572,0.5,median,qi
I,49,35.803230808114634,26.704705333299465,49.830847694193366,0.5,median,qi
I,50,37.80363210641322,28.08999323693992,52.6495271564971,0.5,median,qi
I,51,39.67352569567974,29.48629754523194,55.47387235496939,0.5,median,qi
I,52,41.49960160186943,31.030288254535854,58.23441229400349,0.5,median,qi
I,53,43.613609435939935,32.57203499148357,61.31659856263013,0.5,median,qi
I,54,46.208447466147376,34.17697563544692,64.58462049546009,0.5,median,qi
I,55,48.49737447753194,35.60319512733966,68.00381925523318,0.5,median,qi
I,56,51.07750855162391,37.19118149482896,71.6027178838626,0.5,median,qi
I,57,53.45853817822389,38.74976599750167,74.72668888134329,0.5,median,qi
I,58,55.619922578505495,40.1897988243212,78.2862057699299,0.5,median,qi
I,59,57.79222321779788,41.976896553092,81.16581717586976,0.5,median,qi
I,60,59.748402104605134,43.38239170828809,83.55171307223648,0.5,median,qi
I,61,62.047080327010946,45.138411938232466,86.67353981250395,0.5,median,qi
I,62,64.25852268524281,46.78298428846391,89.9551618589536,0.5,median,qi
I,63,66.44792610951356,48.424299702226875,93.76702753431655,0.5,median,qi
I,64,68.72232741356581,50.122256413331954,97.67062276024433,0.5,median,qi
I,65,71.3133584212867,51.96704782851259,100.91392263769019,0.5,median,qi
I,66,73.84577948083826,53.41675189238153,102.66193435932095,0.5,median,qi
I,67,75.93926918232833,54.973855468259316,105.73373382671875,0.5,median,qi
I,68,78.44818080853872,56.447087756681235,108.43954113786671,0.5,median,qi
I,69,80.60752013539121,58.37880595243004,110.97563946384696,0.5,median,qi
I,70,83.42350113373396,60.59708636907587,115.0833772008618,0.5,median,qi
I,71,85.80929512165824,62.39742359516125,118.752719650063,0.5,median,qi
I,72,87.85768458181755,63.82274880107942,121.62859590710227,0.5,median,qi
I,73,89.87165970910166,65.5622425118911,124.16099548560227,0.5,median,qi
I,74,91.92377083337875,67.00577093335701,126.94230515605749,0.5,median,qi
I,75,93.61759906538958,68.46896920861326,130.82193317062254,0.5,median,qi
I,76,95.38811738272209,70.2134274976671,134.11121563861997,0.5,median,qi
I,77,97.0173347809305,71.56629362338116,137.25760954977864,0.5,median,qi
I,78,99.2270984334355,73.19352086390971,140.63171764845652,0.5,median,qi
I,79,101.43229655976236,74.2006874969064,144.51129923429244,0.5,median,qi
I,80,102.5010044596923,75.51218212266953,146.60070000241663,0.5,median,qi
I,81,104.75588173696784,76.54070872488595,147.46112834142775,0.5,median,qi
I,82,106.78451475054624,77.56685741468175,150.38678582036687,0.5,median,qi
I,83,109.1539366012396,78.93703473762872,152.13636618974698,0.5,median,qi
I,84,111.32632493880992,80.1878512231394,154.47317834173367,0.5,median,qi
I,85,113.17409276404109,80.73124598992857,157.2478587060622,0.5,median,qi
I,86,114.38368955921501,81.53708858305797,159.0932408404276,0.5,median,qi
I,87,115.81534239909216,82.30760187096321,161.84930777745885,0.5,median,qi
I,88,117.68551277338146,83.76982723096529,164.7566002100336,0.5,median,qi
I,89,118.67424577583203,84.40510253325661,168.0556671667976,0.5,median,qi
I,90,120.01317083461679,85.35034979048604,170.71632372052247,0.5,median,qi
I,91,121.77002860393284,86.1274412054332,174.57048251609143,0.5,median,qi
I,92,123.20437511493748,86.859886254869,179.3014468390079,0.5,median,qi
I,93,124.77268334607322,87.55220787501406,182.71050667569492,0.5,median,qi
I,94,126.80938512419226,87.86230722494861,185.7507134296554,0.5,median,qi
I,95,128.60663166590558,88.64752248895154,189.11473756906648,0.5,median,qi
I,96,129.67319836563735,89.62292582197722,194.4657760350005,0.5,median,qi
I,97,130.3582114410221,90.02993392005868,196.57776317278964,0.5,median,qi
log_genes_mean,0,3.1289267550937225,2.8503119602920126,3.421136635547625,0.5,median,qi
log_genes_mean,1,3.11420155500424,2.8399077289067955,3.41031360725123,0.5,median,qi
log_genes_mean,2,3.1112227916099706,2.8253004260380026,3.3950538495225357,0.5,median,qi
log_genes_mean,3,3.099847703577373,2.8090132206411065,3.387420930714147,0.5,median,qi
log_genes_mean,4,3.0813611442182305,2.795163117797106,3.3749086072141257,0.5,median,qi
log_genes_mean,5,3.0663539904430026,2.782183299265622,3.3540980786606625,0.5,median,qi
log_genes_mean,6,3.0524712557194915,2.767410327531232,3.3392913989880335,0.5,median,qi
log_genes_mean,7,3.0426044354018993,2.7569900855710063,3.322336880955763,0.5,median,qi
log_genes_mean,8,3.035377787039944,2.754207220190962,3.314347384236302,0.5,median,qi
log_genes_mean,9,3.0348624986421573,2.75227242516754,3.3081714146320493,0.5,median,qi
log_genes_mean,10,3.0322818735139947,2.7553394071995205,3.305968977769669,0.5,median,qi
log_genes_mean,11,3.037452979240942,2.7593790074011775,3.3108861019600067,0.5,median,qi
log_genes_mean,12,3.0402245106541903,2.7679701997324093,3.3153388307464535,0.5,median,qi
log_genes_mean,13,3.045099078397678,2.7787386890458086,3.31628253195748,0.5,median,qi
log_genes_mean,14,3.05764456007921,2.7931637249205705,3.3205026006056158,0.5,median,qi
log_genes_mean,15,3.0736604703376003,2.8180765117123205,3.3399484069778183,0.5,median,qi
log_genes_mean,16,3.088013452731357,2.840379526659472,3.3574997911623723,0.5,median,qi
log_genes_mean,17,3.1088847713765215,2.8684902626324806,3.3776109942568464,0.5,median,qi
log_genes_mean,18,3.1330655422809777,2.8937386908690104,3.3969089168761024,0.5,median,qi
log_genes_mean,19,3.162101700100758,2.929553227367196,3.415091092856166,0.5,median,qi
log_genes_mean,20,3.1907540344625254,2.9578234817790348,3.4333872303595423,0.5,median,qi
log_genes_mean,21,3.2161733890602715,2.9922291611102945,3.458550621822579,0.5,median,qi
log_genes_mean,22,3.249901814278365,3.0276743261716543,3.4890614931820303,0.5,median,qi
log_genes_mean,23,3.2848306226443773,3.0662614126420613,3.5225319270285063,0.5,median,qi
log_genes_mean,24,3.321767451837842,3.1083970026841996,3.5602855361198325,0.5,median,qi
log_genes_mean,25,3.3618975417307375,3.147589234459475,3.5987330787569465,0.5,median,qi
log_genes_mean,26,3.4032745007893657,3.1822479116431737,3.642250525865896,0.5,median,qi
log_genes_mean,27,3.44983115042871,3.2228451042660113,3.681847388246931,0.5,median,qi
log_genes_mean,28,3.4921132152438976,3.2689341258994453,3.7123930904505036,0.5,median,qi
log_genes_mean,29,3.534459213845456,3.3224888168105218,3.7510799886808686,0.5,median,qi
log_genes_mean,30,3.588620231430945,3.369751268148913,3.7965193618993682,0.5,median,qi
log_genes_mean,31,3.6364979906975528,3.4234712859201624,3.843444185447519,0.5,median,qi
log_genes_mean,32,3.691682396471908,3.4713021900717616,3.890002750795329,0.5,median,qi
log_genes_mean,33,3.7416142961875636,3.5253197495444093,3.941250113758216,0.5,median,qi
log_genes_mean,34,3.7911783629443723,3.5790504711185176,3.9902240180305784,0.5,median,qi
log_genes_mean,35,3.8450912909148376,3.6331642859895967,4.044522837970692,0.5,median,qi
log_genes_mean,36,3.9030388246560817,3.682580079970231,4.087782276877355,0.5,median,qi
log_genes_mean,37,3.9598145017089577,3.733746377946051,4.140972698917571,0.5,median,qi
log_genes_mean,38,4.020513570642379,3.787952830808165,4.198317536378897,0.5,median,qi
log_genes_mean,39,4.076173029189036,3.846957869378429,4.249849583648191,0.5,median,qi
log_genes_mean,40,4.130741825046137,3.9031716067629674,4.304513969174899,0.5,median,qi
log_genes_mean,41,4.180836519707453,3.9580673841362484,4.361372438317823,0.5,median,qi
log_genes_mean,42,4.2295009787781845,4.012347665362487,4.416271639281703,0.5,median,qi
log_genes_mean,43,4.283596295318451,4.069994210919906,4.4713941410182905,0.5,median,qi
log_genes_mean,44,4.338439132137715,4.125645763590843,4.519021370008272,0.5,median,qi
log_genes_mean,45,4.393983278894326,4.180762256232949,4.568357676835853,0.5,median,qi
log_genes_mean,46,4.447293374586515,4.2383256900359205,4.618332478339514,0.5,median,qi
log_genes_mean,47,4.498054432261723,4.292658974614575,4.667036000905421,0.5,median,qi
log_genes_mean,48,4.550101118291029,4.348334663089047,4.726313011310913,0.5,median,qi
log_genes_mean,49,4.602105599693133,4.401897806849366,4.774554961598269,0.5,median,qi
log_genes_mean,50,4.647992668544321,4.450967047310318,4.816840960485413,0.5,median,qi
log_genes_mean,51,4.695624282933245,4.5014609425634315,4.861694896737669,0.5,median,qi
log_genes_mean,52,4.744439882570667,4.546401028096985,4.914234227793994,0.5,median,qi
log_genes_mean,53,4.793384028146684,4.604926416470139,4.958462181070319,0.5,median,qi
log_genes_mean,54,4.836930978080774,4.648928079585495,5.004594349659234,0.5,median,qi
log_genes_mean,55,4.878774924926517,4.701136575277738,5.046917100659782,0.5,median,qi
log_genes_mean,56,4.926866183949096,4.744978467528323,5.088376908774706,0.5,median,qi
log_genes_mean,57,4.96832405710261,4.792789027189755,5.130295502362253,0.5,median,qi
log_genes_mean,58,5.006395379007557,4.829966184977266,5.166970707988454,0.5,median,qi
log_genes_mean,59,5.046652156861832,4.868815727627021,5.203345880628043,0.5,median,qi
log_genes_mean,60,5.078211919552372,4.907785833656602,5.237941408316371,0.5,median,qi
log_genes_mean,61,5.115658794953221,4.9449128400215745,5.279329405213556,0.5,median,qi
log_genes_mean,62,5.156171083519019,4.9839598492851085,5.31795094684596,0.5,median,qi
log_genes_mean,63,5.19165321182985,5.024131437161859,5.356696764687458,0.5,median,qi
log_genes_mean,64,5.217643949380622,5.060553234851114,5.384433203476652,0.5,median,qi
log_genes_mean,65,5.250185338423234,5.095636041748022,5.41398397039082,0.5,median,qi
log_genes_mean,66,5.277753239359044,5.126114558042935,5.445787457840032,0.5,median,qi
log_genes_mean,67,5.308203150214244,5.15153357298044,5.470734195160381,0.5,median,qi
log_genes_mean,68,5.333812186183911,5.183358055210214,5.497168647246813,0.5,median,qi
log_genes_mean,69,5.367756671591014,5.21241062336352,5.523775916426339,0.5,median,qi
log_genes_mean,70,5.392530905191655,5.241809930409023,5.547774944322786,0.5,median,qi
log_genes_mean,71,5.420444326389427,5.26772154782454,5.573152900350699,0.5,median,qi
log_genes_mean,72,5.443176728229874,5.291056612097464,5.591887958808176,0.5,median,qi
log_genes_mean,73,5.468725891719509,5.317721494725502,5.618554226072579,0.5,median,qi
log_genes_mean,74,5.482306421287177,5.340655783324767,5.637104657791915,0.5,median,qi
log_genes_mean,75,5.503739459295463,5.359891548895492,5.65410567001816,0.5,median,qi
log_genes_mean,76,5.531166888404883,5.38779255728792,5.675869703073262,0.5,median,qi
log_genes_mean,77,5.554747980003599,5.410341282045723,5.703226865785215,0.5,median,qi
log_genes_mean,78,5.574269886415136,5.425944801586613,5.721538769916328,0.5,median,qi
log_genes_mean,79,5.5904324017053755,5.437373995684906,5.736030717626614,0.5,median,qi
log_genes_mean,80,5.610636392200076,5.449213779428469,5.754689922841181,0.5,median,qi
log_genes_mean,81,5.632063733753535,5.4665779234302025,5.769184548604915,0.5,median,qi
log_genes_mean,82,5.650781425525736,5.484487663714882,5.78699024848934,0.5,median,qi
log_genes_mean,83,5.660990959526467,5.498867759032972,5.8101676516524305,0.5,median,qi
log_genes_mean,84,5.669094971627283,5.508102190853178,5.8319341997784475,0.5,median,qi
log_genes_mean,85,5.683204840003614,5.516778115350043,5.852261389311597,0.5,median,qi
log_genes_mean,86,5.693932860478069,5.521867994689593,5.870475582091297,0.5,median,qi
log_genes_mean,87,5.712072695600154,5.528700005497069,5.890410531967702,0.5,median,qi
log_genes_mean,88,5.719330816592644,5.539500103354541,5.905767975733341,0.5,median,qi
log_genes_mean,89,5.733111856735363,5.540351361076671,5.928630340001021,0.5,median,qi
log_genes_mean,90,5.7454726202118565,5.544779068401882,5.957436135648731,0.5,median,qi
log_genes_mean,91,5.75405065033569,5.548150683425484,5.976312458374357,0.5,median,qi
log_genes_mean,92,5.770327886752891,5.549913178361494,5.992912221977514,0.5,median,qi
log_genes_mean,93,5.7858741894112455,5.547643277254021,6.012108269554955,0.5,median,qi
log_genes_mean,94,5.805054859526379,5.551160836671131,6.030654400354599,0.5,median,qi
log_genes_mean,95,5.815403788194201,5.552305518000567,6.045960242842542,0.5,median,qi
log_genes_mean,96,5.81931444640605,5.5566687119304525,6.074957896806678,0.5,median,qi
rt_t_values,0,0.831365060302526,0.7823955553041602,0.8923756441826284,0.5,median,qi
rt_t_values,1,1.063697328711752,0.965197325530518,1.1721647030572853,0.5,median,qi
rt_t_values,2,1.2811601093733427,1.1550473026901844,1.4178714383602116,0.5,median,qi
rt_t_values,3,1.458916457081041,1.307213562882925,1.6240245151410329,0.5,median,qi
rt_t_values,4,1.6020154071086021,1.4507340007826905,1.7733364588506837,0.5,median,qi
rt_t_values,5,1.6626940965499468,1.5017349884799094,1.82926445654487,0.5,median,qi
rt_t_values,6,1.634999359388158,1.4722638980551952,1.8228292804954762,0.5,median,qi
rt_t_values,7,1.5442680519353802,1.382979179654193,1.7074786396002763,0.5,median,qi
rt_t_values,8,1.4271682111705783,1.2908347727313332,1.5612736577762525,0.5,median,qi
rt_t_values,9,1.3196416382111003,1.192841273923272,1.4471748571419467,0.5,median,qi
rt_t_values,10,1.2280801657756066,1.0883432107872255,1.3704596339168507,0.5,median,qi
rt_t_values,11,1.1692902198255264,1.027763430797669,1.3550172900504298,0.5,median,qi
rt_t_values,12,1.1279666642739061,0.9555620792297357,1.3007240784636764,0.5,median,qi
rt_t_values,13,1.1111705325176318,0.9216034441174736,1.3457979348232048,0.5,median,qi
alpha_t_values,0,0.12240665369899771,0.09453855898267585,0.16012371516675625,0.8,median,qi
alpha_t_values,1,0.15571455648481863,0.11294762213316187,0.21529108127114385,0.8,median,qi
alpha_t_values,2,0.18785765067228488,0.13568369834905797,0.25789270227473643,0.8,median,qi
alpha_t_values,3,0.21426224296674817,0.15769347272021608,0.2937423974173188,0.8,median,qi
alpha_t_values,4,0.23644002073903492,0.1760067158445529,0.3130846193873748,0.8,median,qi
alpha_t_values,5,0.24306021604303082,0.1865392260791914,0.32411204679325234,0.8,median,qi
alpha_t_values,6,0.24135358155630254,0.18131231258676583,0.3159306920826884,0.8,median,qi
alpha_t_values,7,0.22683298413580555,0.17383666101707185,0.29359391657938744,0.8,median,qi
alpha_t_values,8,0.209147177188922,0.16319792794374602,0.2660907363740214,0.8,median,qi
alpha_t_values,9,0.19343788774584342,0.14998135540586072,0.2515423870474411,0.8,median,qi
alpha_t_values,10,0.18064674268130881,0.13756104157771043,0.2343992295796989,0.8,median,qi
alpha_t_values,11,0.17211452332587937,0.12763503072299956,0.2340087441617815,0.8,median,qi
alpha_t_values,12,0.16199928598832847,0.11680624108856795,0.23266771424943855,0.8,median,qi
alpha_t_values,13,0.16388279028052996,0.10952725196907147,0.2416370656784269,0.8,median,qi
E,0,4.987367488024037,4.673169869388662,5.356475772648533,0.8,median,qi
E,1,4.800171398706432,4.3256518164287465,5.311682564371997,0.8,median,qi
E,2,4.65503268194635,3.9587889461524437,5.366148069106899,0.8,median,qi
E,3,4.530078363323728,3.712220741555282,5.409038420157399,0.8,median,qi
E,4,4.415260105411619,3.5242245150976634,5.443764613497769,0.8,median,qi
E,5,4.3210531871375295,3.3689312093011474,5.4266663144182985,0.8,median,qi
E,6,4.228901929555429,3.2632118378740786,5.4211271706995605,0.8,median,qi
E,7,4.154988462952824,3.1703070174614183,5.386049651110398,0.8,median,qi
E,8,4.324533379390742,3.305324322656651,5.629593163804033,0.8,median,qi
E,9,4.463853695912652,3.360878948912762,5.85104347392284,0.8,median,qi
E,10,4.547289607909542,3.375479926433872,6.05475953226907,0.8,median,qi
E,11,4.618153296141292,3.3693230388983455,6.24569954936651,0.8,median,qi
E,12,4.676097350295594,3.3772820646028907,6.401792685615344,0.8,median,qi
E,13,4.728000760035304,3.370006031374485,6.56906513875741,0.8,median,qi
E,14,4.764492881475282,3.3560966406548025,6.710480840292317,0.8,median,qi
E,15,5.065897102100545,3.576583251708686,7.144135646801474,0.8,median,qi
E,16,5.318154996060313,3.7143021985199614,7.544218048146254,0.8,median,qi
E,17,5.495218985010552,3.7989986144254537,7.902963084989005,0.8,median,qi
E,18,5.679194363633589,3.8492306518548434,8.307717814300664,0.8,median,qi
E,19,5.828594760091114,3.9227399999934733,8.690636569049897,0.8,median,qi
E,20,5.973856680974997,3.9672313429176973,9.052115346517365,0.8,median,qi
E,21,6.122113325243353,3.9951497041585577,9.46970691200583,0.8,median,qi
E,22,6.518577188889138,4.259113379765663,10.201192483353676,0.8,median,qi
E,23,6.884575004073226,4.432055012085966,10.932427791615426,0.8,median,qi
E,24,7.237672040545188,4.599711368071992,11.618909284409462,0.8,median,qi
E,25,7.5532467373681476,4.737074956910474,12.37998938874056,0.8,median,qi
E,26,7.8955688298879405,4.857846898328369,13.104043454281449,0.8,median,qi
E,27,8.238758631865943,4.995407776292828,13.804799311985832,0.8,median,qi
E,28,8.558361440195863,5.103780227261745,14.578076784703576,0.8,median,qi
E,29,9.170851445797254,5.571039088674382,15.647695447134998,0.8,median,qi
E,30,9.692709660398245,5.836402704950204,16.92444255900346,0.8,median,qi
E,31,10.278567530484029,6.0767693817557875,17.98414866891343,0.8,median,qi
E,32,10.86607791731563,6.393295745823005,19.066683749661657,0.8,median,qi
E,33,11.446052592195134,6.703426886283053,20.355199631324417,0.8,median,qi
E,34,12.097661728926639,6.965653016018216,21.802325630374025,0.8,median,qi
E,35,12.816594798973103,7.209086857499605,23.312736079819132,0.8,median,qi
E,36,13.601732830271953,7.670980232712005,24.70304201899768,0.8,median,qi
E,37,14.551491217033137,8.044225919465438,26.202105895186094,0.8,median,qi
E,38,15.339134911622448,8.511997727847005,28.049330391895786,0.8,median,qi
E,39,16.23614606036681,8.905159616992618,30.333065442899898,0.8,median,qi
E,40,17.148265577785757,9.333700827205075,32.32627959884375,0.8,median,qi
E,41,18.077117995605704,9.722927828312633,34.08607882204721,0.8,median,qi
E,42,19.067187132845607,10.088503360226209,36.2562444133933,0.8,median,qi
E,43,20.200456332141457,10.736160662393342,37.70272202554279,0.8,median,qi
E,44,21.160834456543434,11.209870060475073,39.68609175769291,0.8,median,qi
E,45,22.227279424036347,11.789680895433547,41.95927424095109,0.8,median,qi
E,46,23.476876453228982,12.31161801494971,44.67953540680058,0.8,median,qi
E,47,24.806656355612276,12.947066530470742,47.26061862875466,0.8,median,qi
E,48,26.371809594922876,13.534332385572663,50.40256702791582,0.8,median,qi
E,49,27.939762640307524,13.997553249571126,53.68462304643416,0.8,median,qi
E,50,29.01991228008421,14.650078078430347,55.50215473493226,0.8,median,qi
E,51,30.41386082995024,15.240979148182502,57.533926531645044,0.8,median,qi
E,52,31.721164915566717,15.687562013229321,59.69725781113078,0.8,median,qi
E,53,33.36168141542724,16.181377130032477,62.38171458554888,0.8,median,qi
E,54,34.77592912707206,16.947841567365046,65.38739884987355,0.8,median,qi
E,55,36.443027516559376,17.689641568425444,69.57376492949577,0.8,median,qi
E,56,38.12909041533142,18.53831784522587,72.85744168755454,0.8,median,qi
E,57,39.259895466934154,19.121667755787957,73.88997898103689,0.8,median,qi
E,58,40.15695711110307,19.620139338815523,75.7960636724512,0.8,median,qi
E,59,41.15059386235658,20.41901211038954,77.62747183736934,0.8,median,qi
E,60,42.498668889527465,21.038477345806893,80.14955581822076,0.8,median,qi
E,61,44.07270957564929,21.98493266124769,83.31730632191406,0.8,median,qi
E,62,45.83669423408382,22.693331363184775,86.80595170082381,0.8,median,qi
E,63,47.56066302439501,23.512156385616272,90.83852892326598,0.8,median,qi
E,64,48.431740102790684,24.3486401208743,92.30212599941132,0.8,median,qi
E,65,49.533463173718104,24.99624933108015,93.00987913045222,0.8,median,qi
E,66,51.203516584085264,25.73223067697425,95.88821471768279,0.8,median,qi
E,67,52.25811135492952,26.607356892289882,99.54596537154703,0.8,median,qi
E,68,53.62927973031933,27.227018887804483,102.60588965970763,0.8,median,qi
E,69,55.02927757861064,27.767953876832696,105.60942834073002,0.8,median,qi
E,70,56.69805997310391,28.290999541027162,108.69492759266416,0.8,median,qi
E,71,57.4927787247039,28.755031332533715,109.20219273558841,0.8,median,qi
E,72,58.47365526110851,28.881184162951804,110.14741654719262,0.8,median,qi
E,73,58.82044680144881,29.26099549682322,112.2820323155936,0.8,median,qi
E,74,60.09941060919889,29.7648028945568,114.26248314921868,0.8,median,qi
E,75,61.17058791910458,30.25287056213228,116.06122955783871,0.8,median,qi
E,76,62.499020861070704,30.478482476766935,118.07719798127249,0.8,median,qi
E,77,63.70535711015446,30.82755463022645,121.97804749963508,0.8,median,qi
E,78,64.35732443570643,31.791192290015786,122.93752664525702,0.8,median,qi
E,79,64.94693470199881,31.880637639127286,124.76198086811812,0.8,median,qi
E,80,65.91411727266366,32.498375637508566,127.1500425357975,0.8,median,qi
E,81,66.06062529799308,32.963563069159825,130.48618671329095,0.8,median,qi
E,82,66.63356210306853,33.35808247471313,135.59782429702017,0.8,median,qi
E,83,67.88639015151554,33.511867055266904,137.20999660636002,0.8,median,qi
E,84,69.40847124049749,33.91698150275373,139.7751119784955,0.8,median,qi
E,85,69.75871447865279,34.01038020859684,140.97767567610464,0.8,median,qi
E,86,70.25715462653534,34.23360790187259,140.44058301599648,0.8,median,qi
E,87,70.54210233326847,34.09520275551828,142.53031604536818,0.8,median,qi
E,88,70.98148012343125,34.0323277203915,143.8988085221738,0.8,median,qi
E,89,71.68541917163355,33.85934611126268,146.80179270390965,0.8,median,qi
E,90,72.23721149847549,33.98555179511237,149.84455477378893,0.8,median,qi
E,91,72.44174727509592,34.11775186834288,153.14038261473036,0.8,median,qi
E,92,73.32102161026373,34.27382624838625,156.07705701765224,0.8,median,qi
E,93,74.6036519345578,33.58500376607376,162.07885490788746,0.8,median,qi
E,94,75.40664445050922,33.49582394473343,166.5260347230097,0.8,median,qi
E,95,75.43449792621146,33.20698643107692,171.51660273830623,0.8,median,qi
E,96,75.63626769919074,32.64567262227911,176.09227008339298,0.8,median,qi
E,97,76.06388989692888,32.44960058284083,179.31441743135264,0.8,median,qi
I,0,9.023642297789904,8.453779091872184,9.604623693536633,0.8,median,qi
I,1,8.97800328709429,8.343598602516156,9.67055879597082,0.8,median,qi
I,2,8.937018329734437,8.152054923001435,9.799765552237705,0.8,median,qi
I,3,8.852776601541311,7.925747436603676,9.794612340856101,0.8,median,qi
I,4,8.747533396991466,7.720016902802759,9.759408897241764,0.8,median,qi
I,5,8.633983613380991,7.53935509315157,9.69374770198417,0.8,median,qi
I,6,8.524934287194391,7.377099993478,9.6077263780905,0.8,median,qi
I,7,8.401698239332587,7.201403113074907,9.507745589170785,0.8,median,qi
I,8,8.304477438280124,7.076393779320432,9.483013282110749,0.8,median,qi
I,9,8.265127762918613,6.988904888345095,9.456340607977506,0.8,median,qi
I,10,8.214498130185294,6.946618923297017,9.525755982746594,0.8,median,qi
I,11,8.219510928578963,6.932189833877744,9.649310688219197,0.8,median,qi
I,12,8.23293099217018,6.932686300386787,9.761095715934449,0.8,median,qi
I,13,8.27132617380815,6.900192036903786,9.903129886550525,0.8,median,qi
I,14,8.316353310497119,6.871275893715254,10.034994978547589,0.8,median,qi
I,15,8.381663331943955,6.869464246388202,10.290643203224404,0.8,median,qi
I,16,8.525751576163225,6.914143712798205,10.541724435879141,0.8,median,qi
I,17,8.685175155461295,6.967651412835753,10.860902176023234,0.8,median,qi
I,18,8.856051988825776,7.065174976736151,11.300934562568594,0.8,median,qi
I,19,9.069658009150828,7.1391633756819655,11.644685358657835,0.8,median,qi
I,20,9.290798736648036,7.182177759319492,12.160081463646856,0.8,median,qi
I,21,9.478537680231067,7.212022872321369,12.675972907954318,0.8,median,qi
I,22,9.747953687024836,7.322421622825668,13.22841885704768,0.8,median,qi
I,23,10.070851892049177,7.429682430550682,13.860282767843843,0.8,median,qi
I,24,10.440808986600276,7.628240217520605,14.589062207620806,0.8,median,qi
I,25,10.8328416338864,7.793168269081718,15.263707681311681,0.8,median,qi
I,26,11.278316933447034,7.988774466365804,15.987737064636649,0.8,median,qi
I,27,11.752016990016806,8.174949575211452,16.9207193684592,0.8,median,qi
I,28,12.196525518364938,8.385984712389062,17.88531678534903,0.8,median,qi
I,29,12.755911431189045,8.59773906213912,18.95355029740567,0.8,median,qi
I,30,13.355478315574345,8.875118980628708,19.892038262179863,0.8,median,qi
I,31,13.997296951978786,9.194013505781072,21.06900873597695,0.8,median,qi
I,32,14.689688543868968,9.52523767949829,22.355317721750417,0.8,median,qi
I,33,15.485711751872522,9.915088947434912,23.733083728647113,0.8,median,qi
I,34,16.28609759333591,10.287362107168594,25.17611617464514,0.8,median,qi
I,35,17.102223263662417,10.71026640422416,26.622444334086175,0.8,median,qi
I,36,18.08632831350708,11.088931437874987,28.53120292814766,0.8,median,qi
I,37,19.10205217485045,11.584355660690157,30.471469136197623,0.8,median,qi
I,38,20.08960486117197,12.210165981511398,32.502135597991625,0.8,median,qi
I,39,21.148565235679783,12.78456999536273,34.679348164557425,0.8,median,qi
I,40,22.396358379207243,13.374135434086641,36.88015580599073,0.8,median,qi
I,41,23.54612567746064,14.030751274230095,39.404672684318925,0.8,median,qi
I,42,24.799814010141283,14.669139140655885,42.302753662418056,0.8,median,qi
I,43,26.12865022924921,15.334497984943315,45.40164416100052,0.8,median,qi
I,44,27.61006342522306,15.979973548258059,48.52673940586391,0.8,median,qi
I,45,28.991100073167242,16.895291454667692,51.83332340641592,0.8,median,qi
I,46,30.636665980686303,17.697084130729774,54.729554846537305,0.8,median,qi
I,47,32.37251237556315,18.664290518993596,58.70461185686013,0.8,median,qi
I,48,34.13901330793933,19.50728619701132,62.514422029182086,0.8,median,qi
I,49,35.803230808114634,20.19737012089055,66.39467049303042,0.8,median,qi
I,50,37.80363210641322,21.146186144557173,70.42623074877294,0.8,median,qi
I,51,39.67352569567974,22.229022845541976,74.32718852438111,0.8,median,qi
I,52,41.49960160186943,23.29462729035303,78.11024644263955,0.8,median,qi
I,53,43.613609435939935,24.253895821017267,82.37477466789754,0.8,median,qi
I,54,46.208447466147376,25.2108609707937,86.9716061868516,0.8,median,qi
I,55,48.49737447753194,26.24086386775119,92.1926052083196,0.8,median,qi
I,56,51.07750855162391,27.405440379925405,96.85953730022928,0.8,median,qi
I,57,53.45853817822389,28.621031220291925,101.57533952637016,0.8,median,qi
I,58,55.619922578505495,29.829930461261707,104.67067779072217,0.8,median,qi
I,59,57.79222321779788,31.25465572096155,109.1934739109344,0.8,median,qi
I,60,59.748402104605134,32.47794402969337,114.3026774828892,0.8,median,qi
I,61,62.047080327010946,33.59409758490807,118.8889020107762,0.8,median,qi
I,62,64.25852268524281,35.07685799141656,123.16776965520674,0.8,median,qi
I,63,66.44792610951356,36.16662610962077,127.41225856689074,0.8,median,qi
I,64,68.72232741356581,37.492178993473885,132.27119380609213,0.8,median,qi
I,65,71.3133584212867,38.89142230562443,137.31095768563694,0.8,median,qi
I,66,73.84577948083826,40.1787377674724,141.01091922174427,0.8,median,qi
I,67,75.93926918232833,41.218250719968026,144.34973106469292,0.8,median,qi
I,68,78.44818080853872,42.3105190181739,149.29468668665223,0.8,median,qi
I,69,80.60752013539121,43.75863822236421,155.31799961859872,0.8,median,qi
I,70,83.42350113373396,44.839809820899404,158.43300132614826,0.8,median,qi
I,71,85.80929512165824,45.71114775904941,161.0998740824955,0.8,median,qi
I,72,87.85768458181755,46.8508995556658,166.69026411834957,0.8,median,qi
I,73,89.87165970910166,48.13918176116276,170.2057782516525,0.8,median,qi
I,74,91.92377083337875,49.38153419804953,173.1355444475846,0.8,median,qi
I,75,93.61759906538958,50.47081036964951,178.4666975854892,0.8,median,qi
I,76,95.38811738272209,51.452724406776746,184.0378165601121,0.8,median,qi
I,77,97.0173347809305,52.75435864188252,190.4755592434334,0.8,median,qi
I,78,99.2270984334355,54.044825903123666,196.62998671375442,0.8,median,qi
I,79,101.43229655976236,55.46642128786723,200.03464790203603,0.8,median,qi
I,80,102.5010044596923,56.4871853203993,204.16157370705784,0.8,median,qi
I,81,104.75588173696784,57.177330219133374,206.44194891025586,0.8,median,qi
I,82,106.78451475054624,57.91696938668099,209.12456642482138,0.8,median,qi
I,83,109.1539366012396,59.09152505474476,215.157859657572,0.8,median,qi
I,84,111.32632493880992,60.33868645577743,218.76114737636937,0.8,median,qi
I,85,113.17409276404109,60.811361724951695,220.7374446295594,0.8,median,qi
I,86,114.38368955921501,61.65496960578412,223.89560026655073,0.8,median,qi
I,87,115.81534239909216,62.28978444089684,227.80693956310725,0.8,median,qi
I,88,117.68551277338146,62.101079843591286,231.53433839105628,0.8,median,qi
I,89,118.67424577583203,62.130512740810154,233.63839292472883,0.8,median,qi
I,90,120.01317083461679,63.1143784161257,238.00104915875727,0.8,median,qi
I,91,121.77002860393284,62.81617629310323,238.34311759169017,0.8,median,qi
I,92,123.20437511493748,63.271390226666746,241.68297814755573,0.8,median,qi
I,93,124.77268334607322,63.11893639876584,244.93980927645399,0.8,median,qi
I,94,126.80938512419226,62.241603482600254,248.02649297357547,0.8,median,qi
I,95,128.60663166590558,62.2025103316825,256.42011305122713,0.8,median,qi
I,96,129.67319836563735,61.7442774522508,263.91820973378594,0.8,median,qi
I,97,130.3582114410221,62.78659181087067,272.21189919827253,0.8,median,qi
log_genes_mean,0,3.1289267550937225,2.5894770870830763,3.701073278371078,0.8,median,qi
log_genes_mean,1,3.11420155500424,2.589193307198171,3.6785182471986415,0.8,median,qi
log_genes_mean,2,3.1112227916099706,2.578821359525907,3.660137466177024,0.8,median,qi
log_genes_mean,3,3.099847703577373,2.567909097880615,3.6513855225755263,0.8,median,qi
log_genes_mean,4,3.0813611442182305,2.550156790686877,3.6413524338790055,0.8,median,qi
log_genes_mean,5,3.0663539904430026,2.5409341003565746,3.63189871356255,0.8,median,qi
log_genes_mean,6,3.0524712557194915,2.5265443337348916,3.6174094015326297,0.8,median,qi
log_genes_mean,7,3.0426044354018993,2.5216446447589145,3.6046577745621065,0.8,median,qi
log_genes_mean,8,3.035377787039944,2.522757992722005,3.596081716198153,0.8,median,qi
log_genes_mean,9,3.0348624986421573,2.535349028527182,3.589567777226124,0.8,median,qi
log_genes_mean,10,3.0322818735139947,2.5398184745534076,3.585836329628109,0.8,median,qi
log_genes_mean,11,3.037452979240942,2.5476136143138826,3.5849003216826802,0.8,median,qi
log_genes_mean,12,3.0402245106541903,2.5598593866362953,3.581593580595395,0.8,median,qi
log_genes_mean,13,3.045099078397678,2.56711782361621,3.5905998294860844,0.8,median,qi
log_genes_mean,14,3.05764456007921,2.582447901498318,3.5977532745876797,0.8,median,qi
log_genes_mean,15,3.0736604703376003,2.606502585140268,3.6045381806844854,0.8,median,qi
log_genes_mean,16,3.088013452731357,2.6232295767343112,3.614085945565603,0.8,median,qi
log_genes_mean,17,3.1088847713765215,2.6499137713018555,3.630051749439217,0.8,median,qi
log_genes_mean,18,3.1330655422809777,2.673823244830187,3.644881550563474,0.8,median,qi
log_genes_mean,19,3.162101700100758,2.6996753798955417,3.6623681669898627,0.8,median,qi
log_genes_mean,20,3.1907540344625254,2.7369022549408153,3.674963821417963,0.8,median,qi
log_genes_mean,21,3.2161733890602715,2.7630646584717713,3.693390072066882,0.8,median,qi
log_genes_mean,22,3.249901814278365,2.803662352029135,3.7189023165233133,0.8,median,qi
log_genes_mean,23,3.2848306226443773,2.8439178944739596,3.7445388805314797,0.8,median,qi
log_genes_mean,24,3.321767451837842,2.8849656088448823,3.781959347657317,0.8,median,qi
log_genes_mean,25,3.3618975417307375,2.92078324920053,3.8118513058943155,0.8,median,qi
log_genes_mean,26,3.4032745007893657,2.9816377906656486,3.843283957940694,0.8,median,qi
log_genes_mean,27,3.44983115042871,3.0143066771732747,3.8816334761358555,0.8,median,qi
log_genes_mean,28,3.4921132152438976,3.0627902876845927,3.927482320463048,0.8,median,qi
log_genes_mean,29,3.534459213845456,3.110937069864943,3.9599496638900282,0.8,median,qi
log_genes_mean,30,3.588620231430945,3.1589690437331432,4.003154088107758,0.8,median,qi
log_genes_mean,31,3.6364979906975528,3.204800963830433,4.048157587564346,0.8,median,qi
log_genes_mean,32,3.691682396471908,3.2561662320369202,4.087147899448909,0.8,median,qi
log_genes_mean,33,3.7416142961875636,3.307415326447459,4.136345912347638,0.8,median,qi
log_genes_mean,34,3.7911783629443723,3.361394083552984,4.191773625003114,0.8,median,qi
log_genes_mean,35,3.8450912909148376,3.423010211631435,4.236908006629443,0.8,median,qi
log_genes_mean,36,3.9030388246560817,3.48327398943045,4.2825353790771645,0.8,median,qi
log_genes_mean,37,3.9598145017089577,3.5493787299277706,4.3284644460797645,0.8,median,qi
log_genes_mean,38,4.020513570642379,3.610519851385945,4.375267579691658,0.8,median,qi
log_genes_mean,39,4.076173029189036,3.669228690936892,4.4255281451101105,0.8,median,qi
log_genes_mean,40,4.130741825046137,3.7260885017782734,4.479509979676233,0.8,median,qi
log_genes_mean,41,4.180836519707453,3.7878142036884435,4.523354659826702,0.8,median,qi
log_genes_mean,42,4.2295009787781845,3.8471877539276003,4.575499817023833,0.8,median,qi
log_genes_mean,43,4.283596295318451,3.8983496409165133,4.619155184743076,0.8,median,qi
log_genes_mean,44,4.338439132137715,3.9555804256553193,4.670686071807177,0.8,median,qi
log_genes_mean,45,4.393983278894326,4.011192194686205,4.722877474850826,0.8,median,qi
log_genes_mean,46,4.447293374586515,4.072826145694703,4.774030561790076,0.8,median,qi
log_genes_mean,47,4.498054432261723,4.13557040682998,4.8320071792415815,0.8,median,qi
log_genes_mean,48,4.550101118291029,4.190264172576478,4.883169775817771,0.8,median,qi
log_genes_mean,49,4.602105599693133,4.244347297946241,4.9376750661176665,0.8,median,qi
log_genes_mean,50,4.647992668544321,4.299373349589873,4.981713015845394,0.8,median,qi
log_genes_mean,51,4.695624282933245,4.354430149118637,5.021807509002578,0.8,median,qi
log_genes_mean,52,4.744439882570667,4.404721131614921,5.05518766787428,0.8,median,qi
log_genes_mean,53,4.793384028146684,4.452355430846906,5.1090118850635085,0.8,median,qi
log_genes_mean,54,4.836930978080774,4.506714366042027,5.1520204947596815,0.8,median,qi
log_genes_mean,55,4.878774924926517,4.5573410662397205,5.195819074282198,0.8,median,qi
log_genes_mean,56,4.926866183949096,4.60191649055369,5.243645201867775,0.8,median,qi
log_genes_mean,57,4.96832405710261,4.646202688100275,5.281985828468213,0.8,median,qi
log_genes_mean,58,5.006395379007557,4.687767134114332,5.312399819057144,0.8,median,qi
log_genes_mean,59,5.046652156861832,4.734872970245504,5.345283848042915,0.8,median,qi
log_genes_mean,60,5.078211919552372,4.77237082723469,5.38240040425219,0.8,median,qi
log_genes_mean,61,5.115658794953221,4.81345330568322,5.416483649276955,0.8,median,qi
log_genes_mean,62,5.156171083519019,4.851193659819576,5.453701501069739,0.8,median,qi
log_genes_mean,63,5.19165321182985,4.884946872404453,5.4874739360021705,0.8,median,qi
log_genes_mean,64,5.217643949380622,4.915005554259326,5.5128814628903875,0.8,median,qi
log_genes_mean,65,5.250185338423234,4.949134379419694,5.545138067847951,0.8,median,qi
log_genes_mean,66,5.277753239359044,4.9892052057257565,5.567083444586123,0.8,median,qi
log_genes_mean,67,5.308203150214244,5.02180523586014,5.598469983022884,0.8,median,qi
log_genes_mean,68,5.333812186183911,5.060696313590437,5.6224977195642865,0.8,median,qi
log_genes_mean,69,5.367756671591014,5.096102659294828,5.6515617465230195,0.8,median,qi
log_genes_mean,70,5.392530905191655,5.126630026495877,5.673996764776135,0.8,median,qi
log_genes_mean,71,5.420444326389427,5.1535164169520815,5.695750847948961,0.8,median,qi
log_genes_mean,72,5.443176728229874,5.178114755489775,5.7153495290880745,0.8,median,qi
log_genes_mean,73,5.468725891719509,5.198082749634251,5.737714017717077,0.8,median,qi
log_genes_mean,74,5.482306421287177,5.219453653866234,5.7557263959937845,0.8,median,qi
log_genes_mean,75,5.503739459295463,5.240809269924856,5.7721101138814035,0.8,median,qi
log_genes_mean,76,5.531166888404883,5.261779836233334,5.799393006364129,0.8,median,qi
log_genes_mean,77,5.554747980003599,5.2738754224478495,5.8214779829342245,0.8,median,qi
log_genes_mean,78,5.574269886415136,5.290631129790288,5.845519397275015,0.8,median,qi
log_genes_mean,79,5.5904324017053755,5.3098571672750925,5.863285893737211,0.8,median,qi
log_genes_mean,80,5.610636392200076,5.328077079225887,5.881487104933248,0.8,median,qi
log_genes_mean,81,5.632063733753535,5.3383100828004455,5.903781349981893,0.8,median,qi
log_genes_mean,82,5.650781425525736,5.342532929535335,5.92857042502006,0.8,median,qi
log_genes_mean,83,5.660990959526467,5.3500722830361,5.954056655108242,0.8,median,qi
log_genes_mean,84,5.669094971627283,5.35541553355494,5.976782021854011,0.8,median,qi
log_genes_mean,85,5.683204840003614,5.360584963453304,6.0004828006696656,0.8,median,qi
log_genes_mean,86,5.693932860478069,5.361834637775331,6.023947829895177,0.8,median,qi
log_genes_mean,87,5.712072695600154,5.367960548415865,6.045091088928687,0.8,median,qi
log_genes_mean,88,5.719330816592644,5.368948704274606,6.068606063010821,0.8,median,qi
log_genes_mean,89,5.733111856735363,5.362394831732621,6.094522444216454,0.8,median,qi
log_genes_mean,90,5.7454726202118565,5.355339302005711,6.12635131136157,0.8,median,qi
log_genes_mean,91,5.75405065033569,5.340248259555993,6.158100114517116,0.8,median,qi
log_genes_mean,92,5.770327886752891,5.329191837498304,6.1835937260434095,0.8,median,qi
log_genes_mean,93,5.7858741894112455,5.326579983835081,6.220042602456332,0.8,median,qi
log_genes_mean,94,5.805054859526379,5.31820298859053,6.26766159174322,0.8,median,qi
log_genes_mean,95,5.815403788194201,5.300083338888137,6.2951870956723734,0.8,median,qi
log_genes_mean,96,5.81931444640605,5.289138842905558,6.323655371260011,0.8,median,qi
rt_t_values,0,0.831365060302526,0.7371280306913931,0.9511921846971712,0.8,median,qi
rt_t_values,1,1.063697328711752,0.8769106689700663,1.283446883804441,0.8,median,qi
rt_t_values,2,1.2811601093733427,1.043100952315237,1.5570383191526218,0.8,median,qi
rt_t_values,3,1.458916457081041,1.1971136845530028,1.7761715856310238,0.8,median,qi
rt_t_values,4,1.6020154071086021,1.3247548361063795,1.9695475233548456,0.8,median,qi
rt_t_values,5,1.6626940965499468,1.3584483528786755,2.0350842398475737,0.8,median,qi
rt_t_values,6,1.634999359388158,1.3424892461796545,1.9999434167999586,0.8,median,qi
rt_t_values,7,1.5442680519353802,1.262993277026291,1.8726834371309096,0.8,median,qi
rt_t_values,8,1.4271682111705783,1.1767967650754796,1.7111962221527828,0.8,median,qi
rt_t_values,9,1.3196416382111003,1.0965687243475428,1.6046475682267838,0.8,median,qi
rt_t_values,10,1.2280801657756066,0.9921196240361145,1.5112591991814117,0.8,median,qi
rt_t_values,11,1.1692902198255264,0.9064708028968432,1.501524076048024,0.8,median,qi
rt_t_values,12,1.1279666642739061,0.8459947440765168,1.5024192023308696,0.8,median,qi
rt_t_values,13,1.1111705325176318,0.7699426509387526,1.5645423019468263,0.8,median,qi
alpha_t_values,0,0.12240665369899771,0.07985780549896479,0.18457472781893167,0.95,median,qi
alpha_t_values,1,0.15571455648481863,0.09426161917610998,0.2573401093505062,0.95,median,qi
alpha_t_values,2,0.18785765067228488,0.11479519315041273,0.2995408763567372,0.95,median,qi
alpha_t_values,3,0.21426224296674817,0.1336291953176321,0.3350800752776846,0.95,median,qi
alpha_t_values,4,0.23644002073903492,0.15339439191463966,0.36135637186205477,0.95,median,qi
alpha_t_values,5,0.24306021604303082,0.1608292728234705,0.3704181163217925,0.95,median,qi
alpha_t_values,6,0.24135358155630254,0.15786621213927163,0.3585755828243172,0.95,median,qi
alpha_t_values,7,0.22683298413580555,0.14789022431564924,0.33523798216961714,0.95,median,qi
alpha_t_values,8,0.209147177188922,0.13995950752844954,0.3060587556121931,0.95,median,qi
alpha_t_values,9,0.19343788774584342,0.13060086006080468,0.28620380902701115,0.95,median,qi
alpha_t_values,10,0.18064674268130881,0.11901714772068409,0.27452509964887234,0.95,median,qi
alpha_t_values,11,0.17211452332587937,0.11127141543714102,0.27056230726656355,0.95,median,qi
alpha_t_values,12,0.16199928598832847,0.10012954684094194,0.2705414026530902,0.95,median,qi
alpha_t_values,13,0.16388279028052996,0.0900093041279786,0.2952448499913584,0.95,median,qi
E,0,4.987367488024037,4.502487945791137,5.536390932542705,0.95,median,qi
E,1,4.800171398706432,4.1055147987383185,5.567412719839495,0.95,median,qi
E,2,4.65503268194635,3.6883680638167813,5.714779777254471,0.95,median,qi
E,3,4.530078363323728,3.3704765242011976,5.851632971603811,0.95,median,qi
E,4,4.415260105411619,3.1293083966914708,5.938963071764791,0.95,median,qi
E,5,4.3210531871375295,2.957371436209331,5.973015447429,0.95,median,qi
E,6,4.228901929555429,2.8258837771680376,5.992851396383898,0.95,median,qi
E,7,4.154988462952824,2.712374454745818,5.987622367170344,0.95,median,qi
E,8,4.324533379390742,2.79403327612924,6.2617698371788775,0.95,median,qi
E,9,4.463853695912652,2.8274318022524922,6.6284626910809,0.95,median,qi
E,10,4.547289607909542,2.7992912220432014,6.948469717461496,0.95,median,qi
E,11,4.618153296141292,2.759602731153341,7.235606299717166,0.95,median,qi
E,12,4.676097350295594,2.742282753984353,7.5066578925247684,0.95,median,qi
E,13,4.728000760035304,2.7219040993294588,7.753291785775947,0.95,median,qi
E,14,4.764492881475282,2.669531646103801,8.037878800400305,0.95,median,qi
E,15,5.065897102100545,2.785954694459577,8.57199886718944,0.95,median,qi
E,16,5.318154996060313,2.9669885759408605,9.153521419743011,0.95,median,qi
E,17,5.495218985010552,3.0654725551802673,9.557280818666808,0.95,median,qi
E,18,5.679194363633589,3.1594057021261652,10.079794445288226,0.95,median,qi
E,19,5.828594760091114,3.2017452035671856,10.593437380666796,0.95,median,qi
E,20,5.973856680974997,3.1971870069175927,11.139234558509747,0.95,median,qi
E,21,6.122113325243353,3.2209301847807645,11.691758004531787,0.95,median,qi
E,22,6.518577188889138,3.43852679407169,12.543779044477205,0.95,median,qi
E,23,6.884575004073226,3.563099682384604,13.416101996166026,0.95,median,qi
E,24,7.237672040545188,3.688265178034515,14.41782548452581,0.95,median,qi
E,25,7.5532467373681476,3.7727356114105595,15.40787436184844,0.95,median,qi
E,26,7.8955688298879405,3.8257833449580136,16.59558309627744,0.95,median,qi
E,27,8.238758631865943,3.890081034333744,17.939658900170052,0.95,median,qi
E,28,8.558361440195863,3.9492804525305343,19.255533066285494,0.95,median,qi
E,29,9.170851445797254,4.299407159190504,20.147817693655757,0.95,median,qi
E,30,9.692709660398245,4.573200352355867,21.348089926233637,0.95,median,qi
E,31,10.278567530484029,4.747376611007932,22.907342464753512,0.95,median,qi
E,32,10.86607791731563,4.923420517834291,24.96989141771911,0.95,median,qi
E,33,11.446052592195134,5.095840570096578,27.212248566674667,0.95,median,qi
E,34,12.097661728926639,5.249795404227248,29.949199368105496,0.95,median,qi
E,35,12.816594798973103,5.4082994207333845,32.70759343340096,0.95,median,qi
E,36,13.601732830271953,5.625814713025274,34.02513785088224,0.95,median,qi
E,37,14.551491217033137,5.892572186110859,36.88778047245633,0.95,median,qi
E,38,15.339134911622448,6.112293230391381,38.965218322170955,0.95,median,qi
E,39,16.23614606036681,6.3078315673646745,41.203169571721205,0.95,median,qi
E,40,17.148265577785757,6.5549815762317625,43.561952284285724,0.95,median,qi
E,41,18.077117995605704,6.805531999201751,46.80013181346966,0.95,median,qi
E,42,19.067187132845607,7.142184017617364,50.985301995669154,0.95,median,qi
E,43,20.200456332141457,7.723268436052325,53.43682721317553,0.95,median,qi
E,44,21.160834456543434,8.350586604961615,56.64053293103086,0.95,median,qi
E,45,22.227279424036347,8.605785927688753,59.824677921187096,0.95,median,qi
E,46,23.476876453228982,8.85917965168332,64.23047739665385,0.95,median,qi
E,47,24.806656355612276,9.151472622292232,68.20727721344353,0.95,median,qi
E,48,26.371809594922876,9.584771330633165,72.22473678911685,0.95,median,qi
E,49,27.939762640307524,10.059518499251576,77.36669003444673,0.95,median,qi
E,50,29.01991228008421,10.556848641163235,78.40831017527604,0.95,median,qi
E,51,30.41386082995024,11.01283681232628,82.2946903166298,0.95,median,qi
E,52,31.721164915566717,11.393854233120086,85.16809525594698,0.95,median,qi
E,53,33.36168141542724,12.203884346358416,88.21108077963268,0.95,median,qi
E,54,34.77592912707206,12.325787447860161,92.98784579201032,0.95,median,qi
E,55,36.443027516559376,12.397308791579242,98.83313155423369,0.95,median,qi
E,56,38.12909041533142,12.525931298393264,104.02252664447164,0.95,median,qi
E,57,39.259895466934154,13.239722542113148,105.77127854004154,0.95,median,qi
E,58,40.15695711110307,13.885608715060643,107.74751440987184,0.95,median,qi
E,59,41.15059386235658,14.343516606860181,110.76461992412447,0.95,median,qi
E,60,42.498668889527465,14.743050031023307,114.27279451826773,0.95,median,qi
E,61,44.07270957564929,14.922857093854422,118.14351736786497,0.95,median,qi
E,62,45.83669423408382,15.05761817785803,122.67195054264761,0.95,median,qi
E,63,47.56066302439501,15.539062155340101,130.0716824087719,0.95,median,qi
E,64,48.431740102790684,15.567772720069357,130.9340652959994,0.95,median,qi
E,65,49.533463173718104,15.903233619200149,132.77810736087278,0.95,median,qi
E,66,51.203516584085264,16.716033700312863,135.93534487201228,0.95,median,qi
E,67,52.25811135492952,17.168617159069075,141.55806071050628,0.95,median,qi
E,68,53.62927973031933,17.459157752344865,144.03595206231202,0.95,median,qi
E,69,55.02927757861064,17.84582035340189,152.19792772598336,0.95,median,qi
E,70,56.69805997310391,18.155145435770027,157.91235697584878,0.95,median,qi
E,71,57.4927787247039,18.395171106766824,161.87610378257858,0.95,median,qi
E,72,58.47365526110851,18.148175500559017,163.33421112042095,0.95,median,qi
E,73,58.82044680144881,18.304412958967937,166.08445867414406,0.95,median,qi
E,74,60.09941060919889,18.72001707742989,168.16268036690929,0.95,median,qi
E,75,61.17058791910458,19.15372532914174,171.59408237903568,0.95,median,qi
E,76,62.499020861070704,19.604410100696118,175.05654462961712,0.95,median,qi
E,77,63.70535711015446,20.06536916415906,176.55544485428368,0.95,median,qi
E,78,64.35732443570643,20.297987449710078,174.52455413300953,0.95,median,qi
E,79,64.94693470199881,20.53378180466956,174.32532430919622,0.95,median,qi
E,80,65.91411727266366,20.824311496181522,180.61725124906664,0.95,median,qi
E,81,66.06062529799308,20.995979634633787,189.3509846378568,0.95,median,qi
E,82,66.63356210306853,21.157982409664502,197.35191989583507,0.95,median,qi
E,83,67.88639015151554,21.372593972136485,205.65518604896786,0.95,median,qi
E,84,69.40847124049749,21.791524947939244,214.22500306467163,0.95,median,qi
E,85,69.75871447865279,21.989006896711736,216.67947466651177,0.95,median,qi
E,86,70.25715462653534,22.262115105043502,218.89196180484186,0.95,median,qi
E,87,70.54210233326847,22.003366629667777,227.04692813220962,0.95,median,qi
E,88,70.98148012343125,22.039576455321065,233.2890768238982,0.95,median,qi
E,89,71.68541917163355,22.173374177778427,234.73031365427272,0.95,median,qi
E,90,72.23721149847549,22.288692854433787,243.06487890903094,0.95,median,qi
E,91,72.44174727509592,22.09344101853175,252.49552772846096,0.95,median,qi
E,92,73.32102161026373,21.94857357139821,258.88229251151176,0.95,median,qi
E,93,74.6036519345578,21.511303994074225,270.05654491349804,0.95,median,qi
E,94,75.40664445050922,21.012682007572597,278.1101133923382,0.95,median,qi
E,95,75.43449792621146,20.902767727987957,286.72852451647617,0.95,median,qi
E,96,75.63626769919074,20.558368525494842,295.94818704233177,0.95,median,qi
E,97,76.06388989692888,20.19502915197929,306.5236721129939,0.95,median,qi
I,0,9.023642297789904,8.216895528356337,9.98048688890037,0.95,median,qi
I,1,8.97800328709429,8.045081661750283,10.073930645907138,0.95,median,qi
I,2,8.937018329734437,7.721229033992712,10.192193358814063,0.95,median,qi
I,3,8.852776601541311,7.401368892452109,10.286472796089207,0.95,median,qi
I,4,8.747533396991466,7.102911012938633,10.31128009757461,0.95,median,qi
I,5,8.633983613380991,6.862877502454623,10.297341616650499,0.95,median,qi
I,6,8.524934287194391,6.664575500562252,10.27387945095221,0.95,median,qi
I,7,8.401698239332587,6.506143230944075,10.245754687094628,0.95,median,qi
I,8,8.304477438280124,6.355940272748215,10.199108400535902,0.95,median,qi
I,9,8.265127762918613,6.313917617201007,10.224678823076541,0.95,median,qi
I,10,8.214498130185294,6.238560273505428,10.321127691125657,0.95,median,qi
I,11,8.219510928578963,6.234439601892816,10.424968567539931,0.95,median,qi
I,12,8.23293099217018,6.188341498123384,10.672151520538778,0.95,median,qi
I,13,8.27132617380815,6.1028285495714885,10.815589553691686,0.95,median,qi
I,14,8.316353310497119,6.023203836139923,11.079642249811307,0.95,median,qi
I,15,8.381663331943955,6.053771412163074,11.47182848009828,0.95,median,qi
I,16,8.525751576163225,6.067951606712903,11.849098178809715,0.95,median,qi
I,17,8.685175155461295,6.0802375168998495,12.321848265428851,0.95,median,qi
I,18,8.856051988825776,6.0965662368620395,12.940524546017254,0.95,median,qi
I,19,9.069658009150828,6.179729324226316,13.63043546980747,0.95,median,qi
I,20,9.290798736648036,6.230075500077958,14.37308655386853,0.95,median,qi
I,21,9.478537680231067,6.237587262004463,15.20367245217848,0.95,median,qi
I,22,9.747953687024836,6.282063156416022,15.92585798104222,0.95,median,qi
I,23,10.070851892049177,6.316825946355544,16.749547728161417,0.95,median,qi
I,24,10.440808986600276,6.457807613850441,17.785822174499597,0.95,median,qi
I,25,10.8328416338864,6.547977540873216,18.794317757466747,0.95,median,qi
I,26,11.278316933447034,6.703898393492725,19.93425048285833,0.95,median,qi
I,27,11.752016990016806,6.859431007262696,21.1691383252565,0.95,median,qi
I,28,12.196525518364938,7.020073756493761,22.618947729240663,0.95,median,qi
I,29,12.755911431189045,7.213573843100168,24.667159262374458,0.95,median,qi
I,30,13.355478315574345,7.453755541279423,26.67148822192201,0.95,median,qi
I,31,13.997296951978786,7.619359962969836,28.254982978171732,0.95,median,qi
I,32,14.689688543868968,7.831828425060053,29.90272919697059,0.95,median,qi
I,33,15.485711751872522,8.13050167545207,31.653227517532628,0.95,median,qi
I,34,16.28609759333591,8.397631643339075,34.054290708668205,0.95,median,qi
I,35,17.102223263662417,8.617596486084677,36.155419033376475,0.95,median,qi
I,36,18.08632831350708,8.890890978251994,38.66018576973033,0.95,median,qi
I,37,19.10205217485045,9.240477784865558,41.38560554575268,0.95,median,qi
I,38,20.08960486117197,9.548547287968752,44.29254278791531,0.95,median,qi
I,39,21.148565235679783,9.995940628419408,47.44548796321444,0.95,median,qi
I,40,22.396358379207243,10.26188961234406,50.45274504803854,0.95,median,qi
I,41,23.54612567746064,10.561728941900764,53.68905569313382,0.95,median,qi
I,42,24.799814010141283,11.006758040305408,57.07955832428867,0.95,median,qi
I,43,26.12865022924921,11.520781638411224,61.22426310816088,0.95,median,qi
I,44,27.61006342522306,12.020394939657443,65.13131301321346,0.95,median,qi
I,45,28.991100073167242,12.589886686506969,69.70630213137538,0.95,median,qi
I,46,30.636665980686303,13.197889037214903,74.34511880957392,0.95,median,qi
I,47,32.37251237556315,13.52438145245938,80.84508097799606,0.95,median,qi
I,48,34.13901330793933,14.027152730501653,85.76566239502534,0.95,median,qi
I,49,35.803230808114634,14.721882266840032,90.34404647091206,0.95,median,qi
I,50,37.80363210641322,15.478575716905915,95.06339878375871,0.95,median,qi
I,51,39.67352569567974,16.257314677511605,99.96307589563567,0.95,median,qi
I,52,41.49960160186943,16.775796116225955,105.25019498452963,0.95,median,qi
I,53,43.613609435939935,17.247117965036235,111.76533468042965,0.95,median,qi
I,54,46.208447466147376,18.002122767501543,119.34336255818783,0.95,median,qi
I,55,48.49737447753194,18.622194471705374,126.89233795900725,0.95,median,qi
I,56,51.07750855162391,19.275842569336174,135.53758833521698,0.95,median,qi
I,57,53.45853817822389,19.993119116715004,142.87700060737916,0.95,median,qi
I,58,55.619922578505495,20.659601335064185,148.7521176524028,0.95,median,qi
I,59,57.79222321779788,21.422959883764136,154.48634300715,0.95,median,qi
I,60,59.748402104605134,22.34737555712237,160.98438589466684,0.95,median,qi
I,61,62.047080327010946,23.338955449460205,166.53682238931145,0.95,median,qi
I,62,64.25852268524281,24.100574787151825,173.5232366434173,0.95,median,qi
I,63,66.44792610951356,24.818567098565186,181.00319318178538,0.95,median,qi
I,64,68.72232741356581,26.055662888006875,187.06958200213015,0.95,median,qi
I,65,71.3133584212867,26.849708055549822,193.64362839500927,0.95,median,qi
I,66,73.84577948083826,27.402868839275552,201.3161151129137,0.95,median,qi
I,67,75.93926918232833,28.35542729377883,208.9195336704625,0.95,median,qi
I,68,78.44818080853872,28.941609670814543,216.55914369050902,0.95,median,qi
I,69,80.60752013539121,29.870344978237924,224.42917935478923,0.95,median,qi
I,70,83.42350113373396,30.832585674800182,227.43384258252104,0.95,median,qi
I,71,85.80929512165824,31.65568608724881,232.34901226009703,0.95,median,qi
I,72,87.85768458181755,32.47283030959782,237.9823184696379,0.95,median,qi
I,73,89.87165970910166,33.21889188836296,243.09688227531925,0.95,median,qi
I,74,91.92377083337875,33.77050453932517,247.97516742972894,0.95,median,qi
I,75,93.61759906538958,34.58897324620971,252.71830282099182,0.95,median,qi
I,76,95.38811738272209,35.25706184911246,257.327505433616,0.95,median,qi
I,77,97.0173347809305,35.92334685982989,264.51631945654555,0.95,median,qi
I,78,99.2270984334355,36.51920451826913,269.1364021559411,0.95,median,qi
I,79,101.43229655976236,36.977601641373234,273.6486126928991,0.95,median,qi
I,80,102.5010044596923,37.245175132729685,278.23200706218483,0.95,median,qi
I,81,104.75588173696784,37.73306769915338,281.3904963260186,0.95,median,qi
I,82,106.78451475054624,38.04676856928048,285.64880325506863,0.95,median,qi
I,83,109.1539366012396,38.35677098339516,294.8630990334317,0.95,median,qi
I,84,111.32632493880992,39.23136216704802,298.6916952641349,0.95,median,qi
I,85,113.17409276404109,39.496106283240174,306.61763281512043,0.95,median,qi
I,86,114.38368955921501,39.856741257729205,312.7740751410152,0.95,median,qi
I,87,115.81534239909216,39.697530956121284,314.2075901645924,0.95,median,qi
I,88,117.68551277338146,39.90325909890592,325.7042121673411,0.95,median,qi
I,89,118.67424577583203,40.44160366609808,335.40428418963063,0.95,median,qi
I,90,120.01317083461679,40.68898510245228,345.512707014833,0.95,median,qi
I,91,121.77002860393284,40.7403716870675,346.4796961684286,0.95,median,qi
I,92,123.20437511493748,41.5798852857318,354.3552637651198,0.95,median,qi
I,93,124.77268334607322,42.47854270887429,362.52360317841925,0.95,median,qi
I,94,126.80938512419226,42.41133709431723,374.25606733714136,0.95,median,qi
I,95,128.60663166590558,42.1977294998581,383.8186674794089,0.95,median,qi
I,96,129.67319836563735,43.27656393630854,395.8139000759055,0.95,median,qi
I,97,130.3582114410221,43.572406760051166,402.48449766633803,0.95,median,qi
log_genes_mean,0,3.1289267550937225,2.2705763791805644,4.0449649484657035,0.95,median,qi
log_genes_mean,1,3.11420155500424,2.252753326278109,4.026590098228424,0.95,median,qi
log_genes_mean,2,3.1112227916099706,2.245916168994507,4.010372919045018,0.95,median,qi
log_genes_mean,3,3.099847703577373,2.2425223356064743,3.9961482712937286,0.95,median,qi
log_genes_mean,4,3.0813611442182305,2.234830242426407,3.966665844719967,0.95,median,qi
log_genes_mean,5,3.0663539904430026,2.2223716948689622,3.9485532003429156,0.95,median,qi
log_genes_mean,6,3.0524712557194915,2.221798663900124,3.929574571553766,0.95,median,qi
log_genes_mean,7,3.0426044354018993,2.210514735233974,3.9109500115603053,0.95,median,qi
log_genes_mean,8,3.035377787039944,2.203315009248529,3.89932327894571,0.95,median,qi
log_genes_mean,9,3.0348624986421573,2.2038480634398123,3.8917235399697008,0.95,median,qi
log_genes_mean,10,3.0322818735139947,2.2083909836331292,3.8874194430561335,0.95,median,qi
log_genes_mean,11,3.037452979240942,2.2290119762754546,3.8929167905560145,0.95,median,qi
log_genes_mean,12,3.0402245106541903,2.2551948079388833,3.8913376868382352,0.95,median,qi
log_genes_mean,13,3.045099078397678,2.2655966002918917,3.8907862140532514,0.95,median,qi
log_genes_mean,14,3.05764456007921,2.2865832020144725,3.896946634197628,0.95,median,qi
log_genes_mean,15,3.0736604703376003,2.3114665010936384,3.897272599803361,0.95,median,qi
log_genes_mean,16,3.088013452731357,2.3296894432773074,3.903201201958166,0.95,median,qi
log_genes_mean,17,3.1088847713765215,2.3606897014555712,3.9188569600435885,0.95,median,qi
log_genes_mean,18,3.1330655422809777,2.390021737717215,3.9389938345381075,0.95,median,qi
log_genes_mean,19,3.162101700100758,2.4274656035578683,3.9661359454363874,0.95,median,qi
log_genes_mean,20,3.1907540344625254,2.455399501710431,3.9896132922208416,0.95,median,qi
log_genes_mean,21,3.2161733890602715,2.4900099223844063,4.011653126324981,0.95,median,qi
log_genes_mean,22,3.249901814278365,2.529066466813048,4.039084187142241,0.95,median,qi
log_genes_mean,23,3.2848306226443773,2.5851291386485338,4.066740318431296,0.95,median,qi
log_genes_mean,24,3.321767451837842,2.637195530829882,4.092649709156267,0.95,median,qi
log_genes_mean,25,3.3618975417307375,2.6852162285665617,4.1101753105843155,0.95,median,qi
log_genes_mean,26,3.4032745007893657,2.729096452453014,4.127718514556915,0.95,median,qi
log_genes_mean,27,3.44983115042871,2.754719967677011,4.152502362322772,0.95,median,qi
log_genes_mean,28,3.4921132152438976,2.801853464259997,4.176563081673147,0.95,median,qi
log_genes_mean,29,3.534459213845456,2.8687881305089946,4.212591541719192,0.95,median,qi
log_genes_mean,30,3.588620231430945,2.9420187450802193,4.248660814855039,0.95,median,qi
log_genes_mean,31,3.6364979906975528,3.013625819754683,4.277944649383258,0.95,median,qi
log_genes_mean,32,3.691682396471908,3.0733795901155614,4.31283086139956,0.95,median,qi
log_genes_mean,33,3.7416142961875636,3.1247046885322085,4.347621075396198,0.95,median,qi
log_genes_mean,34,3.7911783629443723,3.200381885114937,4.373419447159242,0.95,median,qi
log_genes_mean,35,3.8450912909148376,3.246087836261769,4.4081328599986875,0.95,median,qi
log_genes_mean,36,3.9030388246560817,3.3065255797049606,4.456297739933118,0.95,median,qi
log_genes_mean,37,3.9598145017089577,3.367294060631409,4.512185313596665,0.95,median,qi
log_genes_mean,38,4.020513570642379,3.427088378660401,4.564936635866904,0.95,median,qi
log_genes_mean,39,4.076173029189036,3.498305750371922,4.60182902292112,0.95,median,qi
log_genes_mean,40,4.130741825046137,3.550514338721367,4.674327464510909,0.95,median,qi
log_genes_mean,41,4.180836519707453,3.604211989733731,4.716853826832674,0.95,median,qi
log_genes_mean,42,4.2295009787781845,3.6770686325240245,4.7761401998433035,0.95,median,qi
log_genes_mean,43,4.283596295318451,3.72957497472681,4.810505653611124,0.95,median,qi
log_genes_mean,44,4.338439132137715,3.8017762471664014,4.862085155697614,0.95,median,qi
log_genes_mean,45,4.393983278894326,3.8562114965652454,4.918985839400585,0.95,median,qi
log_genes_mean,46,4.447293374586515,3.9156665738394087,4.974366915319958,0.95,median,qi
log_genes_mean,47,4.498054432261723,3.9729131117061782,5.022157458025634,0.95,median,qi
log_genes_mean,48,4.550101118291029,4.033025683751399,5.072137557663112,0.95,median,qi
log_genes_mean,49,4.602105599693133,4.093775131399685,5.121706238001724,0.95,median,qi
log_genes_mean,50,4.647992668544321,4.146511813825559,5.169759186474454,0.95,median,qi
log_genes_mean,51,4.695624282933245,4.1953115538205745,5.2037147057832724,0.95,median,qi
log_genes_mean,52,4.744439882570667,4.251124769019033,5.247137049209753,0.95,median,qi
log_genes_mean,53,4.793384028146684,4.30666228056947,5.29184467927462,0.95,median,qi
log_genes_mean,54,4.836930978080774,4.360087760529996,5.3303162449270305,0.95,median,qi
log_genes_mean,55,4.878774924926517,4.406821837098115,5.372029990829596,0.95,median,qi
log_genes_mean,56,4.926866183949096,4.444681533521849,5.418263315394634,0.95,median,qi
log_genes_mean,57,4.96832405710261,4.477704034585287,5.460489175516736,0.95,median,qi
log_genes_mean,58,5.006395379007557,4.51376289872135,5.480394952995347,0.95,median,qi
log_genes_mean,59,5.046652156861832,4.560894547405057,5.502163662146653,0.95,median,qi
log_genes_mean,60,5.078211919552372,4.607956542921996,5.529808455920977,0.95,median,qi
log_genes_mean,61,5.115658794953221,4.664864989238046,5.56055655496428,0.95,median,qi
log_genes_mean,62,5.156171083519019,4.6889532750740806,5.602959650385381,0.95,median,qi
log_genes_mean,63,5.19165321182985,4.73174596479671,5.625945629617791,0.95,median,qi
log_genes_mean,64,5.217643949380622,4.763856427278746,5.64720060054885,0.95,median,qi
log_genes_mean,65,5.250185338423234,4.7973831947442624,5.6717867760635,0.95,median,qi
log_genes_mean,66,5.277753239359044,4.824476590578421,5.709814173123603,0.95,median,qi
log_genes_mean,67,5.308203150214244,4.865629193622083,5.745923432330036,0.95,median,qi
log_genes_mean,68,5.333812186183911,4.895019532907823,5.7807577714055185,0.95,median,qi
log_genes_mean,69,5.367756671591014,4.926057036546129,5.79103759246986,0.95,median,qi
log_genes_mean,70,5.392530905191655,4.954000871093229,5.822944679210482,0.95,median,qi
log_genes_mean,71,5.420444326389427,4.985240364358176,5.854620617850151,0.95,median,qi
log_genes_mean,72,5.443176728229874,5.008964852438703,5.8686145103874985,0.95,median,qi
log_genes_mean,73,5.468725891719509,5.035655936527632,5.886119186541271,0.95,median,qi
log_genes_mean,74,5.482306421287177,5.065605164802751,5.9063108479281405,0.95,median,qi
log_genes_mean,75,5.503739459295463,5.082175002182734,5.927886343244923,0.95,median,qi
log_genes_mean,76,5.531166888404883,5.117113628596235,5.94964019948916,0.95,median,qi
log_genes_mean,77,5.554747980003599,5.1377801312619145,5.970544090148633,0.95,median,qi
log_genes_mean,78,5.574269886415136,5.152327153002133,5.9838155165611875,0.95,median,qi
log_genes_mean,79,5.5904324017053755,5.165119540944986,5.995790947733949,0.95,median,qi
log_genes_mean,80,5.610636392200076,5.173430811360732,6.0268617742422474,0.95,median,qi
log_genes_mean,81,5.632063733753535,5.179539469826058,6.064814017785616,0.95,median,qi
log_genes_mean,82,5.650781425525736,5.1833154068226,6.091368033944761,0.95,median,qi
log_genes_mean,83,5.660990959526467,5.191380977651775,6.118606077635981,0.95,median,qi
log_genes_mean,84,5.669094971627283,5.19938107744358,6.151759365491055,0.95,median,qi
log_genes_mean,85,5.683204840003614,5.192718884410586,6.1949449279743565,0.95,median,qi
log_genes_mean,86,5.693932860478069,5.190943926307928,6.221862008658093,0.95,median,qi
log_genes_mean,87,5.712072695600154,5.186106618976548,6.25037373992734,0.95,median,qi
log_genes_mean,88,5.719330816592644,5.176028291271147,6.290746063376135,0.95,median,qi
log_genes_mean,89,5.733111856735363,5.177231066900756,6.309547531794054,0.95,median,qi
log_genes_mean,90,5.7454726202118565,5.158472445843636,6.350923815761411,0.95,median,qi
log_genes_mean,91,5.75405065033569,5.161964754024058,6.394427084467686,0.95,median,qi
log_genes_mean,92,5.770327886752891,5.143640162411837,6.442710381140398,0.95,median,qi
log_genes_mean,93,5.7858741894112455,5.118952874843956,6.492722041951298,0.95,median,qi
log_genes_mean,94,5.805054859526379,5.096382640973649,6.514634051007601,0.95,median,qi
log_genes_mean,95,5.815403788194201,5.069345810943726,6.545616675587332,0.95,median,qi
log_genes_mean,96,5.81931444640605,5.060674098654236,6.588441350095682,0.95,median,qi
rt_t_values,0,0.831365060302526,0.6893616499536683,1.015011781172313,0.95,median,qi
rt_t_values,1,1.063697328711752,0.7783388404617639,1.4155319026328874,0.95,median,qi
rt_t_values,2,1.2811601093733427,0.9185355899299132,1.734439688303511,0.95,median,qi
rt_t_values,3,1.458916457081041,1.0879977770550755,1.944533906706022,0.95,median,qi
rt_t_values,4,1.6020154071086021,1.191633612498947,2.183798646675268,0.95,median,qi
rt_t_values,5,1.6626940965499468,1.2519536428572868,2.2667791592008557,0.95,median,qi
rt_t_values,6,1.634999359388158,1.221459922797419,2.1922064850825436,0.95,median,qi
rt_t_values,7,1.5442680519353802,1.1424308625568054,2.0994018268861847,0.95,median,qi
rt_t_values,8,1.4271682111705783,1.0565956588503767,1.9378167862184181,0.95,median,qi
rt_t_values,9,1.3196416382111003,0.9887454638840449,1.8191812091219324,0.95,median,qi
rt_t_values,10,1.2280801657756066,0.8845674133447471,1.6770496431530402,0.95,median,qi
rt_t_values,11,1.1692902198255264,0.8016417430317408,1.7022408610794724,0.95,median,qi
rt_t_values,12,1.1279666642739061,0.7030299915312574,1.682283050390767,0.95,median,qi
rt_t_values,13,1.1111705325176318,0.671236425329515,1.899351635680666,0.95,median,qi
