variable,mean,median,sd,mad,q5,q95,rhat,ess_bulk,ess_tail
gamma,0.25405914185035156,0.2504151806206669,0.050035682200240295,0.04882155415368422,0.18279446555300077,0.3461270800781114,1.0000810025222664,940.5394289711135,677.2568346684998
nu,0.1408967539572061,0.13807392863510276,0.027322359680107742,0.027794697943668928,0.10087500445123182,0.18963153951793865,1.0031379253869095,818.4006490514863,663.4724696685433
rho_conc,1.6927110048950582,1.5832506064381957,0.6630215259910449,0.5748785045793008,0.8439713667674993,3.007671728201079,1.0010897988723222,1626.874381885195,988.6046004964381
rt_init,0.5576801646877912,0.5530168308712105,0.05536828052838301,0.054297245011577275,0.47581272453627815,0.6528993757524509,0.9989300336558438,839.406193414957,761.5856727735681
sigma_rt,0.15916547515161833,0.15816151596998332,0.015740535772212346,0.015198246959602424,0.13513190645511777,0.18699569153871076,0.9993568252315287,764.6126736668174,512.1199384973754
tau,1.2134987729322082,1.1987476210471297,0.1477264436575687,0.14013398339396788,1.003259731658074,1.4802317588049276,1.0063793952891118,1093.8436201942513,667.552875810176
E_init,13.004966060115528,12.968370561826141,0.6640145901681602,0.6788415930605889,11.915084389967884,14.096499948094138,1.0021655234568518,908.9794878539394,736.129302666258
I_init,22.080791044786046,22.09470356971338,1.123923511508887,1.0829975487874695,20.163021124802516,23.942032382337818,1.000472590539482,892.9511343207847,518.1593851642203
alpha_t_values[0],0.07866858779941288,0.07626321012144763,0.01764554386896283,0.01742767694817773,0.054173142113765664,0.11195059530301762,1.0042042758343366,770.0933535935035,706.0191464486418
alpha_t_values[1],0.10157515939848356,0.09736264968672738,0.026362813109504828,0.025133666413330563,0.06374182915300078,0.1489896987110999,1.0034162393533363,779.450321722163,518.0298216809285
alpha_t_values[2],0.1266175433402927,0.12217076156222406,0.03447804505452995,0.030829321408751106,0.0778317709494825,0.1882982133656821,1.001445676869748,767.6335354318276,716.7032896646328
alpha_t_values[3],0.14843800869385057,0.14346565177723958,0.04099394259460508,0.03830882053241887,0.09146959152749201,0.22156521026074327,0.998984229315496,695.461152100999,575.455449375619
alpha_t_values[4],0.16636650382182339,0.16006552906616328,0.044642623565827544,0.03959733441415956,0.10190378238306194,0.2445594276646548,1.0021060506896609,1002.2790287590801,727.7441513190013
alpha_t_values[5],0.1804678622952254,0.1724104725713695,0.04632315560893123,0.041768095552747755,0.11612679137619085,0.26605268143481486,1.0030897785191801,884.268612338953,779.4781437343465
alpha_t_values[6],0.18923467116039525,0.18505610022232558,0.044943784060771236,0.042138602318415826,0.122296153876452,0.27060764964596024,1.00058533027731,1071.9600617913513,791.2006658452585
alpha_t_values[7],0.19481010486489836,0.19141155079808342,0.044496176042373436,0.03867186779888857,0.12880732787357702,0.27274905360252455,1.0011728490954317,937.8346150985856,729.4460718025067
alpha_t_values[8],0.20127748663908449,0.19725028812208753,0.04401407379653989,0.041724280413249756,0.136090221797151,0.2821666883639443,1.0020025214444122,935.0566563929282,819.4225819845395
alpha_t_values[9],0.1994583471326123,0.19682471362678236,0.04333679123512439,0.04330784837105274,0.13558318795818064,0.2756124807909493,1.0035740017421686,842.1042892213707,664.2578443092747
alpha_t_values[10],0.19619667735382965,0.19234904684831727,0.044474180394259766,0.04308570837056207,0.131020955793884,0.27570096873231476,1.0046100183544224,912.8403058289626,707.2148587994302
alpha_t_values[11],0.19172479442937881,0.18660049956248353,0.04546549188312163,0.045173223899048175,0.12582678768789365,0.27060192841641156,1.001577554218253,967.8381390442585,678.4676581274729
alpha_t_values[12],0.18442164117384832,0.1786783315243497,0.045635363314596736,0.044669408370496176,0.11964965720243129,0.26449907648501014,1.000090620716484,1159.7186342698164,1013.9391456420542
alpha_t_values[13],0.17780672331798197,0.17143714226796075,0.04692377636841404,0.04423093412598858,0.11083527459155045,0.26001723368778556,1.0001462235976342,1230.0056738591795,809.358605187831
alpha_t_values[14],0.1733363700879447,0.16604551164752068,0.04885142109754338,0.04644358753750402,0.10445299772848654,0.26118872546022065,0.9999418838474569,1238.7582612827657,798.0227729648029
alpha_t_values[15],0.17688463408909477,0.16591250172829553,0.05830173330569143,0.055645921137435606,0.09873145373290006,0.28309116523369343,1.0012345919773187,1010.582581788612,712.6817081111705
rt_t_values[0],0.5576801646877912,0.5530168308712105,0.05536828052838301,0.054297245011577275,0.47581272453627815,0.6528993757524509,0.9989300336558438,839.406193414957,761.5856727735681
rt_t_values[1],0.7189631707915898,0.7092264933464132,0.10996598538235053,0.10831275271819357,0.5554878340063808,0.9139776952000275,1.000865797478018,972.2083344231758,756.2829537991594
rt_t_values[2],0.8960036020441854,0.8785449129482541,0.15541099778608064,0.15269221813524508,0.6652378388813044,1.171752235801234,0.9994991714042581,973.260951574055,672.3970429396858
rt_t_values[3],1.0491813516723212,1.0327885225566082,0.18169316721349088,0.16975631785517883,0.7812363128474722,1.3653189900289264,0.9999631422865627,940.3468170881888,543.3237596969345
rt_t_values[4],1.178050440516907,1.1610677215679708,0.19814743679585192,0.20114363057669193,0.8862048371450039,1.5409564057470881,1.0059668741246053,1301.009346136467,754.7228274481523
rt_t_values[5],1.2791405934530526,1.2638487385023767,0.19962195054849335,0.20317583029398076,0.9678011145496002,1.6180968779018718,1.0050118016346163,1213.6440768262134,709.5216909501839
rt_t_values[6],1.3470275333853354,1.3271740364729705,0.21198105407437612,0.21490971038245282,1.0399721762977576,1.7134191819328084,1.0073581034255548,1242.5549165825291,787.0254578552136
rt_t_values[7],1.390016034752398,1.3815307824758265,0.21817644381012052,0.19364700408777516,1.0572009244740466,1.7584449513718206,1.0068183800877581,1063.155152675824,500.6538239582193
rt_t_values[8],1.4385968004713579,1.4150234860293818,0.22480009532806375,0.21790806496787485,1.104063927400981,1.8443667407478195,1.0044133319305713,1012.7199387317646,844.3059971089469
rt_t_values[9],1.4280912282628608,1.4066019721534773,0.23800022587904138,0.23155995454496262,1.0713013648124994,1.8540987198261907,1.000044549593795,1056.156779540827,873.7661786901158
rt_t_values[10],1.400945707169922,1.3811667750310546,0.22850880372072077,0.22381724974677072,1.0485149126684503,1.801103217844013,1.000006505707859,1169.0113288965379,952.127742630758
rt_t_values[11],1.367689429517731,1.3429511057511827,0.23354625078104999,0.23958984097159683,1.0217374966098873,1.7914963351583697,0.9983070178198684,1205.6001539882307,1031.8263500315145
rt_t_values[12],1.319323227858587,1.2924090419261387,0.26743800089878805,0.2534026947834995,0.9376806981922409,1.7897518990618004,0.999564163052956,1506.0458325104669,830.8355496433221
rt_t_values[13],1.2714912303287866,1.2530324433248476,0.2797230846795929,0.2631704843493028,0.8613736308249198,1.7928070896126755,0.9985558024805983,1420.0675754540691,870.2956612669927
rt_t_values[14],1.2431082053958842,1.203037805178285,0.31826915189094274,0.30342276387509826,0.8148626672630952,1.802994016962948,1.0028063065997375,1059.746976645082,649.9239303828449
rt_t_values[15],1.2682095111842533,1.220567410779105,0.3867518324785338,0.36350228167948895,0.7495700242331629,1.958774966348425,1.0079717772518333,834.0590882529514,566.6353539513527
E[0],13.004966060115528,12.968370561826141,0.6640145901681602,0.6788415930605889,11.915084389967884,14.096499948094138,1.0021655234568518,908.9794878539394,736.129302666258
E[1],11.629722249720682,11.63997689338252,0.7636521885179329,0.7659157766152298,10.379073452235751,12.910304766254233,1.0056529785389032,888.9264439574333,647.5909026201125
E[2],10.564218171313943,10.52417533745541,1.05358565062813,1.0560091546449022,8.854379596264849,12.33349349136216,1.0086568719057019,835.5275447051301,631.617089888034
E[3],9.716942533170192,9.661495239078219,1.265581510850671,1.3087817750660176,7.696514866323343,11.846009085403765,1.0050381662622752,817.3856421829443,642.199592473761
E[4],9.025129942667613,8.941263334818371,1.3967035996373485,1.4504909714273584,6.848796877205032,11.39736661878323,1.0051159404642687,806.2555125916053,635.457072225255
E[5],8.445533453696884,8.358342076455148,1.468991813955197,1.5307205720514794,6.1962303240250085,10.930367077708661,1.004782791375608,808.2695658739163,721.3401714321923
E[6],7.948204744496231,7.838649383302085,1.501276265869565,1.589169142045626,5.6442630654096435,10.531207653482914,1.0051568757540323,807.8693321363022,727.431575936745
E[7],7.5122877158941614,7.388864590335842,1.5071299136495044,1.5738797744023352,5.18457641512385,10.137104602554897,1.0060925227542863,809.8016720407011,728.0684064314105
E[8],7.484230326930064,7.3917200252434725,1.5210499788360061,1.5699842255227754,5.107224556680503,10.08293924700065,1.0048448488551192,783.751609390552,668.4478228260306
E[9],7.4050329143958855,7.320767787870217,1.5494494443738023,1.6121343014762712,4.997140784823808,10.097211277567313,1.006365007300844,779.7298725183055,689.7699959094376
E[10],7.293110844019592,7.193771748338368,1.5800464907088254,1.6071607811281985,4.845805283462726,10.11083792233019,1.0073386333248564,779.2119730537585,670.562917527805
E[11],7.160766854842042,7.0711690681621855,1.6086766554602736,1.6060834712620207,4.694224280682141,9.976879654847721,1.0075257317202029,781.1212361962168,652.498113476648
E[12],7.016232407722868,6.895765005183422,1.6343983842502077,1.5954883106150612,4.549666479065721,9.891606155684979,1.0087029196510673,784.455105163504,690.6057391433038
E[13],6.8650170301600655,6.733388994099673,1.6574265315213135,1.5927507210468124,4.412015448765182,9.774532829891822,1.0079729355083646,789.6882555555749,653.067074790448
E[14],6.710804147583261,6.5840479366084566,1.678299654885724,1.614388924215905,4.277442192871896,9.62585415739763,1.0073521549531343,797.9758437514231,654.6974937618629
E[15],6.873148817096122,6.713208305861202,1.712295122395582,1.6447128179134443,4.383816091262867,9.89405230513935,1.0062105511483497,825.5190867064866,734.6359139458375
E[16],6.965719141761887,6.783703303302374,1.770560568044156,1.6944211335623922,4.350315456955578,10.18841067672139,1.0048006470265842,851.8291178187396,758.2028086491748
E[17],7.01217866515277,6.813854744144429,1.8391087374848705,1.7488029680385955,4.304625726750607,10.342416883263871,1.00317837634925,870.582683395412,759.8671363827164
E[18],7.028256391801529,6.796493742046871,1.9119803116761824,1.8472809446174134,4.232947585138016,10.519774178313597,1.0021603484457071,890.3094301972451,732.96161804200506
E[19],7.024441715565588,6.7824124993711425,1.9868086881318539,1.8917393668850813,4.179129527276721,10.703616161494079,1.002088158516292,899.0089867576309,782.3197272716071
E[20],7.007751308059112,6.692490166197173,2.06277649543389,1.931228613786739,4.0925625354225135,10.877306570792138,1.0012547803946943,912.4589763883456,782.8906342579728
E[21],6.982892048141957,6.638027944391485,2.139703849480104,1.9750341121541632,4.014522342960828,10.96444958072457,1.0016007066572301,922.629036966842,756.2825342403919
E[22],7.191766633599538,6.886669865933383,2.1956202285634943,2.049664230558865,4.146633782038931,11.273470230483857,1.0000018541984939,919.8758050376782,777.7233387837912
E[23],7.349868616210001,7.0372392897971725,2.2805639481012774,2.0867504698522215,4.1909909704575625,11.533497825339644,0.999716655348273,923.7525558804911,898.2051334728752
E[24],7.475172702191839,7.103081189808766,2.381820358770648,2.143307803209818,4.214726881436003,11.818819754799032,0.9992673975548534,926.4567961028972,880.0252327515748
E[25],7.579524924281095,7.1935892039029845,2.4936404139826855,2.240399987976371,4.200829608389235,12.08811385826293,0.9988957348529063,932.0495825789634,786.3593177814051
E[26],7.670767144709768,7.2294533761892685,2.6135357525676572,2.3081603225237934,4.1762189139722325,12.506929045396674,0.9992218118261276,929.2943655441624,718.3105801367046
E[27],7.754116605699189,7.256430443955658,2.7405248420711437,2.388500363934449,4.115280308707371,12.918867115889208,0.9995095819829258,933.1849640681041,676.35825430472
E[28],7.833064827231687,7.280697153491911,2.8743189321987987,2.4902160577785852,4.076837425263866,13.270321528322693,0.9996772992378841,937.7201098090314,676.2258598336259
E[29],8.104668975806154,7.515402979496292,2.9793215942841704,2.5675836764526054,4.279853862863692,13.918348455696602,1.0002403860483946,988.6881978767811,657.023880256197
E[30],8.339558213828411,7.725822337744405,3.1162065261799676,2.6583944924818024,4.303930082083679,14.392133975645944,1.0007384382571518,1027.4944427820722,696.992298235483
E[31],8.55241389147831,7.857331229252913,3.2737621984020406,2.73841644191286,4.356262570245443,14.891453049427218,1.0008771843416286,1057.35862223487,740.417517628418
E[32],8.752832479659174,8.023950573180812,3.4470805988301927,2.8500418719334064,4.379716951282763,15.558901510627226,1.0006725613808043,1084.7596368337681,740.417517628418
E[33],8.94714484591137,8.184045578197338,3.634152346170914,2.962477474441023,4.4011160315933155,16.228487835019912,1.0007838135055243,1106.5892751845652,718.3105801367046
E[34],9.139576032320292,8.366305891501614,3.834327128286319,3.1291614347635686,4.415758461271363,16.710923886958906,1.0013929232863885,1126.1757654144221,718.0489538475576
E[35],9.332988514717789,8.50554749393808,4.047611968389041,3.252809980133673,4.398564557785858,17.226872139985627,1.0014470105041167,1143.3104632249858,694.4681013203399
E[36],9.67170639950717,8.734149460400996,4.155511023899786,3.3630340995722405,4.687901952264097,17.957355439847365,0.9999340277305407,1190.3798913851751,782.4619807998032
E[37],9.989302884690348,9.039340938925228,4.312375975735278,3.5827117828419164,4.7910454058575365,18.373283951661147,0.9986804218946704,1231.5780229929633,781.8918287136386
E[38],10.296902120061464,9.28463850958812,4.5032918765287695,3.7459487271350893,4.893768588187786,19.070647272499937,0.9983163261375593,1262.0329729737423,758.178766700702
E[39],10.601806519281087,9.51121313676693,4.720831972265276,3.9070338093814856,4.982363099512304,19.642419731885056,0.998427283521628,1286.2166390598295,751.8829639346719
E[40],10.908893287246226,9.749290100101256,4.961423171215648,4.094869260836017,5.008163349756563,20.505287721670882,0.9977809266404041,1305.6619148066325,749.1811561909259
E[41],11.221496558684741,9.999281878906707,5.223535750030026,4.299306334597799,5.060921654442771,21.13198861624126,0.9978366580111756,1327.1934681264638,761.8978009080466
E[42],11.541967578269139,10.252306437494815,5.506766788597908,4.475760409964732,5.045524258254444,21.912475543224005,0.9978462289227132,1342.6532643407531,785.0929740997248
E[43],11.954151915459292,10.501800981935576,5.634211227645542,4.548544938081403,5.219932812343742,22.562079734941396,0.9976952092974434,1399.674659068714,738.8715740279226
E[44],12.362001308233035,10.88134653196472,5.825894335857672,4.677959609202989,5.3864711111261565,23.51857368676338,0.9976872439775598,1438.5944709981115,759.6182882592991
E[45],12.772748700295782,11.335301571346534,6.062703894916541,4.95129593469451,5.583051705378111,24.163304518338016,0.9976524291556503,1479.5631579625854,770.9910208972757
E[46],13.191324774880828,11.749937086279985,6.335050421629596,5.200920313862619,5.733748052470349,24.863022222571445,0.9976102748804621,1510.938824682084,769.0146779970504
E[47],13.621195462849444,12.11847550379532,6.6383172471724174,5.455099082779629,5.807343834696245,25.942009414335956,0.9976020032755304,1549.3383386349485,745.3588743381019
E[48],14.064898815255077,12.46103093465887,6.970581641177766,5.700675345091089,5.854917603717345,27.236863732235182,0.9975832602695212,1586.7301358304746,835.7294324592368
E[49],14.524390121256495,12.896003243827348,7.331445034743616,6.025082666025192,5.998156451594071,28.1480167089856,0.9975927348206435,1615.6588497603943,805.9018545890345
E[50],15.028963099812545,13.328890523463528,7.476568860295949,6.132595509385578,6.1883370200229155,29.106242052588108,0.9973489512293382,1666.5419257328215,1001.7142992058655
E[51],15.545532998817876,13.850459386335233,7.710028882887195,6.327449181155932,6.397306649260172,29.80485627524631,0.9981151664439873,1713.5314780802798,962.0211157731327
E[52],16.078269763100124,14.317667935032869,8.006527055640497,6.488977659372474,6.578561949698155,31.087043359274382,0.9978086021451723,1754.4609050834856,918.3096077611297
E[53],16.63020340824552,14.772646877365204,8.353646194676305,6.769603384927096,6.80334720026376,31.954364122995354,0.9979565547685113,1790.4471975895158,917.2408032966003
E[54],17.203674809168255,15.378182709880456,8.74582205050967,7.087345585874354,6.931120691812017,33.44534113040846,0.9977592717428356,1815.8045604833294,880.6027990047417
E[55],17.80062152022553,15.953549084560036,9.181314963947239,7.394557517964353,7.143298739990509,34.61779417882095,0.9975514102452827,1837.5670333675932,888.9709158331004
E[56],18.422759094408413,16.443593691242754,9.660664353400422,7.72356911371187,7.184573152555924,36.072322460148406,0.9976163733951405,1841.5505437147583,853.839948187961
E[57],19.138487442836837,17.073255187187137,9.894295954506163,8.030767192602342,7.6290982692958345,36.91535793707629,0.9976551545009086,1831.966622874822,847.0366947451562
E[58],19.86759110638605,17.700560451409828,10.228790850758044,8.122948820588796,8.001164536431624,38.34911864479897,0.9979179256233657,1827.0985721081324,790.0374769060597
E[59],20.61807820344269,18.26303723318987,10.636010069272523,8.38053142825887,8.333106452542614,40.06833843148607,0.9982827572964363,1820.9105908316023,790.0374769060597
E[60],21.395477502255943,18.8993440180899,11.10230672120591,8.713706360558188,8.642615879578877,41.82792947748538,0.9988421284542995,1798.8867431231786,790.0374769060597
E[61],22.20385767101879,19.46038802872768,11.621566730045755,9.043247338076455,8.887913701753499,43.48435613722937,0.9991664982078976,1789.7716310310086,791.8672442177241
E[62],23.046442424909653,20.131909713287584,12.191754006201794,9.414099865565666,9.241248946133346,45.42186128052815,0.9995174362467786,1785.151676188414,793.9672998143434
E[63],23.925984139947648,20.711482031218654,12.813150626503685,9.764899323086512,9.445320595013072,47.52092618775169,1.0005464546346037,1775.8615845705358,768.3094147720451
E[64],24.700468288516763,21.366596401545458,13.131383070384128,10.038662664859253,9.875487588076716,49.35948503201678,0.999656885006176,1772.7963889915513,765.3414773797662
E[65],25.53318904186488,22.18905323010861,13.577463166426654,10.483034162059965,10.228673791338995,50.76036750110473,0.9988013638638717,1761.7356187310947,798.1250991776892
E[66],26.419326355885392,22.946845968182615,14.116078011610908,10.707397773580189,10.356511301631423,52.87981458419576,0.9985579323142852,1737.084577761249,825.2345070092321
E[67],27.356252988840318,23.68830444410058,14.730295667045592,11.288295999848842,10.50662866457422,55.06118197086702,0.9984053053677384,1712.91394975885,823.7233615779015
E[68],28.342904504708493,24.283361735123027,15.4127286632598,11.486603634730677,10.763539801563235,57.960704101869,0.9978121725370174,1702.6053046330408,884.7117703436178
E[69],29.379334410833813,24.99877646881457,16.161165385511712,12.038454096122814,11.039424637838557,60.30473311889101,0.9971505079335912,1680.2862243214406,907.7379727046206
E[70],30.466405635883863,26.004579253783007,16.97635922295794,12.538725859291022,11.4295945333361,63.1364840562958,0.9971845171037748,1649.807054479692,874.1331550637046
E[71],31.30215694971771,26.948681079811877,17.210959454638527,12.839615802509964,11.826589418513615,65.24506601094622,0.9978964982949514,1634.5211319658397,924.3123682472765
E[72],32.229306868856455,27.875055907026137,17.6283333742074,13.194573360003545,12.197232057407588,66.97684984861698,0.9984236142217562,1615.6812893221545,848.8311362013193
E[73],33.23372335634778,28.804195588862257,18.173290097184314,13.763186930353367,12.674609222557121,69.15488311484648,0.9982653791493321,1584.632523906987,877.2420025288546
E[74],34.306549703055644,29.78192595097024,18.816766238229892,14.41558640093941,12.986787666039733,70.45598309278293,0.9979585213177099,1562.0192397515414,826.1731117023068
E[75],35.44256150076633,31.00289256844365,19.54372360087796,15.197075370103583,13.098882204891463,73.96346838554967,0.9984753978092424,1536.1767999094375,826.1731117023068
E[76],36.63904309466928,32.041075236591276,20.346965626341216,15.954576668079323,13.654138271160571,76.24555358479448,0.998338982522875,1519.693239915938,824.6795869268627
E[77],37.89502348666833,33.171653639201296,21.22387831131838,16.73260699787408,13.887476094060954,78.70539271236635,0.998425658098719,1504.3048401529506,824.9986994752945
E[78],38.789056952676965,34.121840378773825,21.340992598071605,16.713834148822258,14.42544940012905,79.95759668904522,0.9984696228457599,1480.091450409152,887.8982098640557
E[79],39.79912667974401,35.11512829532603,21.691908299601565,17.135656256964094,14.936580808411517,82.33749193308289,0.9993805399873267,1461.1957384166478,955.8514072021718
E[80],40.904618996122764,35.9161240921848,22.20717277771713,17.6274465505489,15.290217226963446,84.51297319573322,1.0003486682764156,1440.2833896247303,852.8748357631858
E[81],42.09241174873273,36.92248677792344,22.84868489361287,18.395709369964685,16.05969534284621,86.64649991575381,1.0003234540411683,1435.8793462881179,846.9957707957135
E[82],43.354463340177624,38.22497609545039,23.595898495760213,19.10674057987054,16.674646541952065,88.93983960217231,1.0000582504443465,1429.7810710198833,791.5237394910275
E[83],44.686202177886926,39.302030185317506,24.438426384057763,19.608478777816934,16.892902470103156,91.36418880447118,1.0002811416792294,1405.5895853179545,816.2526480101
E[84],46.08544851570323,40.3559504436064,25.371972765182907,20.193738983989896,17.43104431706637,94.23072655008247,1.0011459025301437,1393.364120212203,787.0641186594019
E[85],46.904830534864956,41.34152651824455,25.509650401057637,20.73567531691776,17.705373855096756,95.23297428119584,1.0009767368408082,1365.4391363317595,875.7349350258457
E[86],47.8908281638942,42.400185900866646,25.931447736013734,21.333325933917628,18.048115401972492,97.72611828566612,1.0008910057605709,1339.142221435272,871.6887507211623
E[87],49.00586500048483,43.24953609833094,26.55761175997893,21.84293918366321,17.935448344245927,99.77422281369152,1.000967381799619,1338.885294704751,906.7445596634666
E[88],50.22614275319798,44.52370271558644,27.345617379049568,22.85458608724144,18.377456047334476,102.15137320434516,1.0005211970713248,1329.5923765555647,873.1607026790979
E[89],51.53695249561535,45.20218031899408,28.27362541034047,23.00316362475272,18.559037397340777,104.53910991669873,1.000496956857632,1325.6213684706568,864.0827517300671
E[90],52.9296122191398,45.85673983199588,29.33171662797635,23.59383756288659,19.091119111184764,107.90344849701219,1.0002627555665113,1220.3998637605453,862.0804911505718
E[91],54.399466222881415,47.19701231874626,30.51712558890161,24.41765964519741,19.171105595565596,111.62174241886424,1.0005817621337785,1210.366235636423,775.8860556099402
E[92],55.321279414303135,47.83045028987806,31.186001622543227,24.361381702629078,19.792106276731904,116.68134471344324,1.002417742206275,1201.7297320319271,898.1529458159529
E[93],56.4119566295743,48.87455916171117,32.13032762987066,24.825613395448134,19.32363182089854,122.39305387494137,1.0031498338531353,1188.5334694306487,931.8654890627342
E[94],57.63711637972998,49.88449783065317,33.28318293013705,25.36500884989569,19.783542308453047,123.43010752669338,1.002705513357534,1179.406222820167,932.6528593157956
E[95],58.97478249560177,50.37493491348846,34.612351070647236,25.45157072198672,19.474383607092374,125.79360047381964,1.0025010670294303,1173.9986992745553,932.6528593157956
E[96],60.41129520662494,51.02163446236703,36.10368515430895,26.402606780503792,19.503113287473287,127.9319212795206,1.002581404379527,1162.0780175543211,934.6106235007849
E[97],61.93861064218927,52.13350915566377,37.752920656348586,27.230123417364958,19.406339212603907,133.983227160843,1.003091816678797,1159.898413183183,952.1428242959055
E[98],63.55251295755946,53.311077418369585,39.56152566463117,28.497141053776126,19.52402644692951,137.87822178651456,1.0031904104203884,1158.4318441418568,955.0154970627467
E[99],64.71777995125586,54.91119037053465,40.75421825761774,29.582904174496488,19.941796506503483,142.0933524337172,1.0024062750058051,1172.2852986815171,922.1608279610982
E[100],66.0559321658213,55.800198580799616,42.32059921747805,31.056283289381938,19.903066357328278,145.76429412216507,1.0016104269975317,1175.6510457134068,868.0611388683329
E[101],67.5377835851726,57.00803427360009,44.16547770624356,31.85769533543407,19.82994240531702,149.94895502004448,1.001318261698569,1176.7772885921818,858.857312347011
E[102],69.14526287617343,57.47508895905568,46.24499190099036,32.86163528913943,19.985402038479013,154.06929694851982,1.001088980820335,1177.049428499905,858.857312347011
E[103],70.867799094855,58.4863095738486,48.54125722448712,34.41473836914636,19.946972552168916,159.63457769897005,1.0005534895588177,1176.1286756091367,860.7236799387991
E[104],72.6999285779115,59.06482105292275,51.05015264865907,35.10151815296726,20.18439685942486,165.75571840363713,0.9994670269166677,1174.86614847229,860.5639384251921
E[105],74.63971046487814,59.971256672128945,53.775301228573944,36.6415863855597,20.1888518907763,174.00593188730923,0.9992581815650994,1177.9816254948041,860.5639384251921
E[106],77.02864645209712,61.54154162440838,57.24975359204024,37.72031858195932,20.340004786679618,182.38531312251658,0.9997284368022438,1171.6265362791873,914.6959296715753
E[107],79.4935568021378,62.71160766244907,61.13042441422905,39.11311656318484,20.27266535329314,190.57285580446913,0.9995546555869556,1172.6502596112587,860.7067402647677
E[108],82.07519907424552,63.847326847623435,65.40081440068724,40.84304230378641,20.304721773312124,201.12318411703805,0.9994617163230148,1168.5086169374454,894.9409935533645
E[109],84.80141035115926,65.32387981922653,70.08614519277131,43.380462086455054,19.99382153021702,211.52458940945328,0.999279311063331,1163.1144652413075,894.9409935533645
E[110],87.69314779825757,66.77135468266991,75.229032463305,45.18307075667112,19.68572178942127,221.15096403193925,0.999266482717429,1156.8422157307173,894.7273845180881
E[111],90.76799218505057,68.33701782789495,80.88106482356706,47.167661740181224,19.773974638728866,234.57817257244162,0.9990264323649468,1148.0893750210018,859.9573843133298
I[0],22.080791044786046,22.09470356971338,1.123923511508887,1.0829975487874695,20.163021124802516,23.942032382337818,1.000472590539482,892.9511343207847,518.1593851642203
I[1],22.08202330960355,22.047190299362605,1.2187884854691575,1.155331773794248,20.040436351013888,24.109082026218093,1.0075833637265714,853.2385942560744,572.1716203621146
I[2],21.78903756993694,21.755939044983563,1.5020275392859073,1.466667678459496,19.325369209576433,24.224809095451036,1.0026367195999233,781.5711393652656,619.9410419890481
I[3],21.306951531097607,21.241832494505832,1.7398799664067641,1.6920213513877869,18.422959783796163,24.129521006183133,1.0012662406202837,781.9826557646827,620.0796563866281
I[4],20.706999216758533,20.654829802179144,1.9101605077257964,1.896508323761734,17.573764498449282,23.828212114772487,1.0014827059542981,768.3396974041183,632.1165386992951
I[5],20.037435862305355,20.018463834216625,2.027047341188895,2.061109086737944,16.757858807714694,23.34939882446878,1.0015138286695975,761.730834671948,623.619391003942
I[6],19.330891479732337,19.387435446301026,2.106186156266673,2.1703836547078286,16.003167317740555,22.74332985687492,1.0015734321840217,757.003040097214,676.8921329135653
I[7],18.609345479952182,18.639372977619953,2.1594781184855343,2.199640077210045,15.18233983563616,22.12460272404142,1.001554460813203,761.7849629457243,609.6585838163879
I[8],17.9336763387818,17.970911571573712,2.1947543857333693,2.298800607906381,14.441663556723698,21.54691227113229,1.0013531200489176,769.1641352296733,598.6767385959639
I[9],17.33561763158883,17.358864003370932,2.218284172703216,2.3281972822004167,13.817685621869545,21.02999330172428,1.001273153977467,779.4256977123661,635.5622782577647
I[10],16.794432650669165,16.830832079728815,2.236598648288316,2.3791339014763073,13.227454915313945,20.53534611521073,1.0010394177225175,794.3904875256989,616.8250306996042
I[11],16.296033695790207,16.3313085890785,2.2545677881841253,2.3800924642485213,12.677585002017846,20.12532422749455,1.0008445999533104,806.7062627846025,615.8887044235454
I[12],15.830774016748935,15.802804897702737,2.2751777292221345,2.444938851887431,12.151590683689248,19.72153806843558,1.000727234446529,817.878070068336,616.0877524538387
I[13],15.391986395767175,15.35189220817189,2.2999257608694714,2.4324354349431965,11.665262100759929,19.329581657333485,1.0005732148686333,832.8528319744087,650.3944236704818
I[14],14.975011652941278,14.922396379742743,2.3292837106094315,2.471737235772729,11.229915514276042,18.989001739359985,1.000424747636568,844.0921215807974,659.1936570211287
I[15],14.616927714072228,14.543449719474658,2.363522946993174,2.4648858520456614,10.90370580994601,18.67308177682543,1.0003015979449086,863.5834759702716,658.8166031361903
I[16],14.335614356917434,14.269133454277696,2.4039145733036937,2.442836280806598,10.494156621334811,18.51098458043155,1.0003155755236284,881.7935395110709,658.8166031361903
I[17],14.107021366799295,14.075298976286092,2.4524155059331316,2.485483437587728,10.217028037759777,18.35396666277669,1.000338262836599,906.9663725549864,663.4094705787921
I[18],13.91511532656489,13.862476480668951,2.5104269404616937,2.5152996145751882,10.031531539639692,18.282173078190734,1.0007780925448035,937.1707661861943,705.2778480354749
I[19],13.749162715754196,13.72329382074652,2.578470973453864,2.6135727075822053,9.818473050419971,18.16899070029706,1.0011237911675097,961.5270231239998,774.4873697694183
I[20],13.601946992961603,13.531073127653988,2.6563784318508152,2.6668430194007753,9.530728248880372,18.269479944596892,1.0013993558445322,985.9424720607745,772.9431602272974
I[21],13.468594059658654,13.327993161621377,2.743552240343931,2.747209209347306,9.250545739551542,18.349278203246605,1.0014886368434675,1015.7153967831961,786.59925843532
I[22],13.375617434967909,13.137471560897673,2.833968620987884,2.78764265174359,9.004012604799101,18.471446062070225,1.0011427694395374,1050.3333255665625,786.6787774183099
I[23],13.336578289628447,13.085804660988693,2.9252295929562724,2.9226686902240075,8.803296474571464,18.655317114539326,1.0008617504448405,1072.324379156417,752.7643464119867
I[24],13.334518250056812,13.03607259682603,3.0217773721783074,2.991939758223606,8.739142512751267,18.753937009732905,1.0002560497514936,1099.1414112443542,818.520498810048
I[25],13.358300050234943,13.034407454485205,3.1269581641643893,3.044305646834067,8.685020791912454,18.878235923959995,1.0001398136755997,1121.4414681004112,851.9343411604153
I[26],13.400595133548762,13.034728408846446,3.2429413525483337,3.125590778547782,8.603548709160577,19.262087523367565,1.0000855126955515,1139.5737809229172,851.5520214403136
I[27],13.45657602418224,13.050043266710741,3.3709920299718483,3.234038802648616,8.523961361925426,19.610653625002396,1.0000936606811923,1152.004168615065,883.3271184439197
I[28],13.523063739072892,13.087033848305445,3.5117662221259627,3.3014844733209916,8.400744311291248,20.22022483002959,1.0000727788021702,1153.7818687552299,793.6291078737396
I[29],13.62243368234443,13.105613763172222,3.6616374701918586,3.4205052411513748,8.310633636307923,20.66439444521132,0.9999554978413262,1169.8512413677392,723.9961490985185
I[30],13.766766560337754,13.14615453294848,3.818563462879396,3.5178233694322305,8.354395300044601,21.067813784887882,0.9997549299324421,1181.7032043863808,603.0479153869653
I[31],13.943204243958354,13.272089613701938,3.985821371570923,3.6529103318431217,8.3829105798977,21.476622032886375,0.9995583474724467,1186.8086662158917,616.3026624540124
I[32],14.143503856205548,13.494421067351514,4.166275358659573,3.8306664807507165,8.424756329836253,22.03364106807936,0.9994693148799672,1195.5505561720458,632.5931488001925
I[33],14.362397615083236,13.671570813453837,4.362049977516525,3.930525142913438,8.479227558379485,22.459462482962753,0.9993607377025635,1199.486375468218,600.6862651799365
I[34],14.596546501529923,13.925739146547318,4.5746571226151005,4.120827155642987,8.464539069986365,22.96333379179559,0.9993058159152837,1202.0724139703793,590.2593562646177
I[35],14.843869453650365,14.134268731109767,4.805193680632492,4.2424226571337975,8.39168225238519,23.8339027216329,0.9992015127216985,1211.2281745492926,588.7701172245648
I[36],15.12073241267786,14.324682529787946,5.040342688745425,4.422931565258027,8.35854973174982,24.77220521901314,0.9990823252754413,1221.4672662521114,504.934380384303
I[37],15.436249604344157,14.58304104023646,5.272054186766177,4.575718117685294,8.485505454540316,25.29588303794022,0.9989715523408225,1244.8894374327542,504.934380384303
I[38],15.781684234778362,14.782461370487024,5.508303137677283,4.811437371581071,8.595420256744067,26.213871765039542,0.9988935975139543,1272.713481630232,505.5459320086028
I[39],16.151636539546463,15.131228931801251,5.755344112823303,4.988212122435534,8.69235704642626,27.21508041819039,0.9987735976732497,1305.7003369880667,509.3019302443923
I[40],16.542840553126428,15.593634289946493,6.0178333730526985,5.231067252538417,8.81315026155717,28.031286419014624,0.9989187438355092,1342.2313213303362,570.9516162293402
I[41],16.953405414980327,15.951784976885913,6.299243208452349,5.508099721432941,8.894541375942367,28.730121675142186,0.9993915822430285,1390.3730564615876,650.8784861257307
I[42],17.38233476395165,16.265755175991245,6.602247480001617,5.79833581929471,9.061618217094733,29.95243942727533,1.0005105897579287,1424.4063201572496,710.9500315408258
I[43],17.839371608344223,16.707687033670936,6.9104194874387925,6.094216187768262,9.23536200665935,30.85215421370094,1.0005612027285922,1462.024822557694,702.1053796253032
I[44],18.33036997448243,17.123358222987136,7.213609835446006,6.449546824519076,9.34976009627327,31.98051275127988,1.0005037787433941,1496.0786291580669,703.8258211431357
I[45],18.85096335784999,17.636818774192903,7.522230034619623,6.781140523349397,9.572961257808856,32.93259110692444,1.0009179045513845,1538.0802664685393,703.5331898719712
I[46],19.398679364319456,18.131985833996055,7.844382525824797,7.027646401802065,9.749608300890733,34.748810836906294,1.0015964977401426,1574.6894329790714,703.5331898719712
I[47],19.972281010918042,18.614329597746575,8.186139539827277,7.224801139850684,9.954041226527087,36.13915441883245,1.0019532851033615,1612.730616995377,728.5968178862174
I[48],20.57134537853536,19.094641306333173,8.552119648335697,7.568974022909177,10.129004501163271,37.40195944665987,1.0014011658804562,1663.2082658827899,750.2974633771526
I[49],21.195994127556816,19.681631560228404,8.945991148920625,7.889626400768973,10.24595873119918,38.5102081769483,1.0014341784244698,1700.2597065674092,778.3942195102327
I[50],21.849806332388674,20.30182849638455,9.341836212482237,8.16735823170476,10.471959044916314,39.730406974138056,1.0014597787422004,1731.1577098467526,779.2183809442046
I[51],22.53523247718156,20.829657702537546,9.724414750075246,8.499792434556344,10.654515929985536,40.85115132393113,1.0012143533520108,1771.699136371485,779.2183809442046
I[52],23.251773969480006,21.51180337166844,10.110383066287982,8.70184048523073,10.935775891305518,42.14556775960079,1.000970336338737,1825.8630490818941,777.5213993703287
I[53],23.999675174350557,22.14410017721422,10.512507325679284,9.02140084757062,11.233898084350342,43.35535649494827,1.0008252812139196,1884.4509327604135,775.1989007479086
I[54],24.779673565319126,22.917085668398652,10.940336336700765,9.362400754400696,11.476782737418267,44.839690993333,1.0010496085857492,1938.5493286185892,774.1660543283713
I[55],25.592843743124085,23.607928230266506,11.401181324619298,9.842612940705031,11.664183099658262,46.64470742688347,1.0007230824254834,1992.936096658251,790.0873788040263
I[56],26.440501813629123,24.32212297458984,11.900941364949881,10.258625248643948,11.861161047575969,48.455902988295534,1.000684492968901,2051.031802414287,790.0873788040263
I[57],27.333255231212185,24.966705807718128,12.41935072152559,10.527617821355165,12.085746994273725,50.789985989669354,1.0006927254014575,2107.088482898937,769.4893718924609
I[58],28.27742871675742,25.81454269336186,12.941183634014859,10.914102179647765,12.688465242482348,52.67290009117068,1.0003040230373332,2147.6876510821517,721.7928972459646
I[59],29.27025757105759,26.81069316421295,13.479468894037662,11.297681449207705,13.0863407161871,54.65880185538323,1.0008560018172699,2181.8183450532024,764.6230283359076
I[60],30.310977885165443,27.571653088597515,14.045513977272291,11.8882204347864,13.37168368706108,56.83071391976764,0.9997280760971166,2207.3035016601802,790.928755952185
I[61],31.40006550639174,28.542447107081113,14.6484856852453,12.318350307081248,13.83624009261666,58.46586827081098,0.9995979076392283,2226.0867758963673,819.9513732371452
I[62],32.538786976262344,29.49352512545955,15.295849648159619,12.835793739965565,14.389636390522375,60.980754805076586,0.9991966767239511,2238.0004633851163,850.163351240799
I[63],33.72893508746056,30.76380523297702,15.993914327393403,13.292991819886483,14.829888048029332,63.552101508074884,0.9993364004046511,2242.8997829812834,818.9284818469517
I[64],34.95458832036103,31.8557866873091,16.710746807877353,13.611146667296527,15.352379717379902,66.72545726796199,0.9992906463971877,2260.5135775446156,818.9284818469517
I[65],36.20663434304359,32.82393005360103,17.424913620396797,13.861015193658343,15.897125310929882,69.28841007530232,0.9992411432281547,2287.4336483024535,832.1075104232607
I[66],37.49503489927047,34.01454395203027,18.156752186587813,14.37093901405601,16.335745044787817,71.58977152261669,0.9982713880631676,2285.9893857619318,832.1075104232607
I[67],38.827462279504246,35.08732001314254,18.92314861727377,14.786244808840179,16.789942429600334,74.46581699481953,0.9982157996195185,2283.302111529478,781.706840173457
I[68],40.21007507232898,36.411106028839995,19.737530950480203,15.538248294419514,17.342075873082667,77.29104339580593,0.9981777196626456,2276.0293863287952,813.1972722782672
I[69],41.648057056593274,37.555736859208764,20.610741805190614,16.277492195920097,18.19904685681079,80.19042119224817,0.9979653263681453,2268.965724037289,814.0669544838797
I[70],43.1459893177421,38.60444300559163,21.551925616848617,16.648614059919108,18.73385475429111,83.71173846143293,0.9978152830349816,2269.7330614453226,873.2885294762608
I[71],44.6699376269219,40.04136088901162,22.488551123082306,17.318764631765102,19.25412780383111,88.44569070080507,0.9980474940991985,2253.9934206731364,871.607002014599
I[72],46.19934079151043,41.13190857250848,23.37267987350382,17.898255194837553,19.707223909258744,91.61297298606287,0.9982030221204881,2254.280116182068,871.607002014599
I[73],47.7531983173754,42.14635010584129,24.24289157322891,18.439245941341987,20.142231904785795,94.35626699467393,0.9982296642397399,2243.373872914941,872.6150434300104
I[74],49.34529068414407,43.518391702705756,25.12842767101688,18.939484308371334,20.812683715465724,98.72384908329335,0.9983068757802823,2224.6345996039963,872.9516403564389
I[75],50.98592872718407,44.953384190890034,26.050922066290102,19.738830463860406,21.115904937017824,102.2226068558445,0.9982707574364489,2221.423731662332,872.9516403564389
I[76],52.68313992407617,46.432594215190974,27.02660859108288,20.565643050105038,21.8917616549161,106.00234909962954,0.9978283719893203,2216.0327712871394,872.6150434300107
I[77],54.4434720368766,47.677138070845096,28.068132833203407,20.850485308384318,22.43662024357929,110.07971984101445,0.9980713903162198,2190.713399744716,872.6150434300107
I[78],56.22149178970116,49.23746445572883,29.08447013433788,21.821684596001433,22.854862264378717,114.83968238002961,0.9979124743291674,2167.8775923217945,907.3427569793778
I[79],57.99013377497453,50.742514576615825,30.016596256644153,22.649933447711906,23.62019756631865,119.60836039060655,0.9981159285387935,2141.7025955160866,907.3427569793778
I[80],59.77512527727382,52.47265736626325,30.914005504923523,23.479994225171243,24.33348490283098,123.4960374065865,0.9983941537865386,2110.8477585155615,907.3427569793778
I[81],61.59482814106655,53.98644834626508,31.814114524565294,24.244723774719333,25.395828163776407,125.96065038559105,0.9986150376914321,2084.6080984174646,907.3427569793785
I[82],63.462730598243276,55.80566630646385,32.744766392253496,25.494888566284082,25.909619790147897,128.6925461471399,0.9992241605098849,2033.0465383106437,808.1149473752422
I[83],65.3891082795241,57.68469459922618,33.727001713155985,26.29900283452983,26.744720996475465,132.3421222704287,0.9990555918490819,1987.4503329744475,781.7842072885966
I[84],67.38213631143688,59.35424181372389,34.77728294964354,27.14246912523716,27.2420211114791,135.77106821657807,0.9991470430539658,1943.6021180105301,831.2413103984301
I[85],69.3646698172304,60.70424842195002,35.80443578741424,27.72967977217847,28.081587487411298,139.53298163178042,0.9995058484916168,1902.5283762171748,807.6029962751439
I[86],71.2933727554182,62.534414675405145,36.75314868817513,28.15216801499524,28.808637859568403,143.1198939446476,0.9998598511368232,1846.3803269851337,808.1740378441534
I[87],73.2117074940763,64.55181603226282,37.68157223241075,28.901151561572828,29.35206105337424,146.5807878280553,0.9993759588680627,1641.226528386719,895.4907336132749
I[88],75.14945084731582,66.5336974522499,38.634525409375186,29.75714029492085,30.312595532545025,151.09918951298067,0.999983690914053,1602.936006298913,905.3532644124177
I[89],77.12748351326783,68.27192765076745,39.64593634237149,31.158744185308482,30.966338630193192,154.84009612470064,0.9995772333080665,1568.9815970640045,901.1753426719928
I[90],79.16091993111341,69.86983241940769,40.74189009419411,31.84545508164339,31.41308748066387,160.29948149995758,1.0003952941561651,1530.8024919776192,901.1753426719928
I[91],81.26115803877602,72.31025319429355,41.94316575817444,32.67965361006084,32.29850237123535,162.20240038596563,1.0002236430612208,1490.0970657504618,901.1753426719928
I[92],83.35872379900069,74.03381134166051,43.18904137141399,33.509015095629614,33.01136300813748,166.76929928468581,1.0003254579344,1454.5415784365505,883.1844338909639
I[93],85.41421036507599,75.40171091374842,44.44206795596861,34.094012470305145,33.31456298988171,169.72548874812264,1.00059774072372,1423.6591782198918,860.9545421428634
I[94],87.46920824815646,77.07402992895393,45.7495185197981,35.132428257945435,33.73023723089937,173.4609357620745,1.000119626659657,1397.8568648562182,839.5485889265003
I[95],89.55280497218845,78.92416050654276,47.149056002015286,36.291780196842225,35.2579362256863,179.3490460683833,1.0003820350665953,1374.6682628991812,893.6023905774761
I[96],91.68586259192129,80.48141202421968,48.66981796371243,37.6230078243467,36.4940048351715,186.23267512969585,1.000732850432307,1352.5432317131601,891.5709085508487
I[97],93.88384424217112,82.25101084283814,50.334672416751516,38.29464484171635,36.51466748862389,192.4690788046724,1.0007040711650093,1326.147752101309,806.9337397400792
I[98],96.15869010967631,84.04126233749736,52.162275872074325,39.51276240012581,36.96974328234873,198.36618083905452,1.0017114229463304,1293.183240171386,802.3114605360272
I[99],98.44970232679616,86.0288853746215,54.0677211210142,40.68921454862875,37.966883974318726,203.7719066145277,1.0014620690218778,1269.0077948398134,727.5281144675527
I[100],100.72567565629785,87.33232462937092,56.00628609680568,41.355542175285926,38.86624708307776,208.70956866957295,1.001743043950803,1250.7108682450248,731.6496012251268
I[101],103.02833241357027,88.93456509195227,58.04449568794419,42.98168743569578,39.18563330084381,217.9857311227296,1.0022399523816963,1236.6619495925831,731.6496012251268
I[102],105.3873026643549,90.35237502051766,60.233609481885054,45.13699655269745,39.61915714861431,226.17776758417887,1.001282125358028,1222.0855702810957,693.4403438291151
I[103],107.824329736098,92.30342313386384,62.61240318540009,47.61979813923765,39.773447649639806,232.58608877568335,1.0012372911592784,1208.3162571319074,674.1186321834475
I[104],110.35604822854279,94.49308121486791,65.21105544269734,49.370529463097036,39.85261941702104,243.3747881732632,1.0012915863869867,1200.968595755865,709.9111325377835
I[105],112.99582718193001,96.30158988240616,68.05439394014729,51.097709484685915,40.01352155592822,252.4761423065484,1.0014493346905358,1192.8590468031591,709.9111325377835
I[106],115.80211915315176,97.79877247137202,71.22122129721849,53.04856839498373,39.93673552365358,258.1904747395135,1.001611863548819,1185.5116755735814,761.4531721780011
I[107],118.81483901182438,99.40067127703699,74.79138715549927,54.33378262454904,40.07955196969586,267.52274951302536,1.0021797816255724,1181.301406780679,788.2352679205907
I[108],122.0286786054533,101.16036766710931,78.80542792181913,56.08579881785857,39.705256744506116,280.601124802389,1.0025125021624604,1173.5885971654657,790.035702725072
I[109],125.4477616297626,102.6608260223391,83.31303742364578,57.87800194030417,39.35350790933212,283.5512362841939,1.002367651394193,1165.6487667623264,883.8015312559072
I[110],129.0818082564505,105.03827452400165,88.36776783832626,60.34724088439412,39.01375736160903,297.7908051093711,1.002702858854393,1155.6126611442469,900.7739353856106
I[111],132.9440683315785,106.83970010627394,94.0269033352098,62.90830299275927,39.14006002357852,309.14832077340355,1.002693023374736,1150.2089752042207,898.939757351202
log_genes_mean[0],3.548211685671105,3.55734947015744,0.37036715047017177,0.369430350647823,2.9408208023201086,4.173656612262508,0.9999141708366128,1605.2303530314462,976.4147276368576
log_genes_mean[1],3.5340035199440427,3.549576494761535,0.36608602194524414,0.3682821658076758,2.9363760562847596,4.142234984002338,0.9994546329335013,1604.9145301715303,949.7659054423773
log_genes_mean[2],3.5106593646764903,3.521685120346935,0.36352582415801216,0.3661465951097835,2.9177324749477203,4.131604179823373,0.9994258390987867,1598.2584958624936,949.3633682674543
log_genes_mean[3],3.481154840234348,3.4898536285614883,0.3618238382953216,0.36082550832953403,2.8836480581330797,4.09572463606748,0.9994125247447755,1584.6938066278685,914.6498444515667
log_genes_mean[4],3.447396488025973,3.4590457651438125,0.36060782812344233,0.35932123067993155,2.848516359864287,4.056451571200191,0.9994837467235579,1568.7667025233077,897.0527575123333
log_genes_mean[5],3.410651917090641,3.424112556588379,0.3597128024999885,0.3560535543474318,2.8144529720316243,4.021585599699186,0.9989775843268084,1549.7156751978878,888.0510309820737
log_genes_mean[6],3.371785736891813,3.383150687874249,0.35906563241585543,0.3597863349260025,2.7819338060581265,3.9841915174696854,0.9992204717064205,1529.747473980208,914.5351265747565
log_genes_mean[7],3.3340204904579247,3.34776558205595,0.3581426811538061,0.3626236479671443,2.7423164080730964,3.938907537918494,1.000106383164412,1513.8456359660536,914.4204484988009
log_genes_mean[8],3.299383229826981,3.309624037454725,0.3566202769645427,0.3599901411351601,2.714081949336285,3.889169642662172,1.0003392899723145,1490.383239317638,889.0996103951819
log_genes_mean[9],3.2669678159775217,3.2746775520941718,0.3547507315563277,0.3590637104017545,2.679611024099489,3.8481473852080716,0.9999678566983047,1478.0834813650297,889.0996103951819
log_genes_mean[10],3.2361222985298626,3.247361950043735,0.3527431692236921,0.3596522590499561,2.6429427670077605,3.8111955986143986,0.9998603449703821,1461.5342977395414,917.3403051183244
log_genes_mean[11],3.2063831436250703,3.2185266242114867,0.3507563085110379,0.3565755709766539,2.6212820327804978,3.7814631319783274,0.9995962228571863,1450.2993967005636,882.8368228393683
log_genes_mean[12],3.177423000482581,3.191007280285467,0.34890560738660276,0.35404156937655434,2.5952257644919903,3.7574119552691165,0.9988217731756561,1437.033442541163,882.9068115518718
log_genes_mean[13],3.1490115049207272,3.1591184068285734,0.347273206262962,0.35416059341998773,2.5692326537797645,3.733018297236592,0.9987867270931415,1421.4513982651617,884.3805095702136
log_genes_mean[14],3.1238244924868033,3.131752353461847,0.3452038160717094,0.35198940371427445,2.544576318536962,3.7142566019356495,0.9994793524708783,1410.2662204429828,777.6455758878923
log_genes_mean[15],3.1034039041908863,3.1121422823415354,0.3423371871730531,0.3471011548715501,2.5359489821148555,3.689530825905633,0.9988747919818617,1392.7787014047892,777.9086064861706
log_genes_mean[16],3.086283687456453,3.0921967743635808,0.33910775158942236,0.3454455601798857,2.5299761817098285,3.6586120341716315,0.9993142606952417,1383.1740306387755,783.0680097083715
log_genes_mean[17],3.0714346147457414,3.0790396905155575,0.33584006625835705,0.34065145166343946,2.5180543137018505,3.6386360983916446,0.999244782938627,1377.3684640818146,733.9727239437035
log_genes_mean[18],3.058143913619294,3.063646572718211,0.3327619257412641,0.33523931763443326,2.4977187594476025,3.619156652747907,0.9996488438404604,1365.306605514401,710.747224695699
log_genes_mean[19],3.045921703733203,3.0531291998375396,0.33002837326104506,0.334147778791487,2.478614405570236,3.6016117334490168,1.000762016654503,1362.5990715121904,687.9214641394323
log_genes_mean[20],3.0344325541647685,3.03783797952093,0.32774331633698084,0.3326223982604923,2.4805686349262523,3.5798961834011007,1.0009944536848876,1345.048853911058,709.1617290768596
log_genes_mean[21],3.0258626922740044,3.0282524790437853,0.32523771884662406,0.325507952875688,2.478093572151568,3.572354789276501,1.0014785814885483,1337.7239400850583,735.4013515055384
log_genes_mean[22],3.0214011259202564,3.02804316923109,0.3221227703884061,0.32658553268003454,2.4831685458515356,3.561741968814005,1.0018631527931887,1330.317794288634,712.306189198816
log_genes_mean[23],3.0197096468030824,3.027972939579934,0.3188328543511488,0.3241854537818542,2.502808836185179,3.553007353822766,1.0020899864534807,1324.450509550381,754.5453312017848
log_genes_mean[24],3.0198743346159937,3.0323068409007092,0.3156943917344576,0.32054053060123167,2.4967491958673804,3.542304680215172,1.002241468613217,1311.2398300129391,765.1435327182883
log_genes_mean[25],3.0212795511835466,3.034995849318065,0.3129354547007241,0.3161980123401494,2.5014333757418172,3.5341776004286207,1.0026469459769338,1301.0799462822774,765.1435327182883
log_genes_mean[26],3.0235136099228916,3.0370379212045906,0.31070965659302374,0.3216666630771595,2.5138956290441037,3.5271244892991795,1.0033222018227612,1279.1465131245088,797.4940173574258
log_genes_mean[27],3.0263021078120484,3.0376573411571,0.3091180078927964,0.3177437540489004,2.5148958801688033,3.52646227880241,1.0028366170694776,1263.3404024983784,802.9513721379544
log_genes_mean[28],3.0314481649020917,3.040847258806485,0.3074922821575861,0.31662562016604057,2.5251199605975363,3.5268527412000386,1.0028478302526191,1249.7342857739834,826.1794246637569
log_genes_mean[29],3.039889638835397,3.047709369677424,0.3054385967740065,0.3141969132273677,2.53026882396,3.5382874130867337,1.00321940871942,1239.503501735165,824.2823490415878
log_genes_mean[30],3.0504986128192844,3.0559579550184788,0.3033885272301807,0.31704834216165895,2.549719590437225,3.5439404839491075,1.003808213174497,1213.6647824097738,821.7073467875181
log_genes_mean[31],3.062524829348688,3.0642299174821934,0.3016641009121076,0.31512122890418365,2.566219734806098,3.560215837251846,1.004236112470959,1201.566729961372,778.0201670061492
log_genes_mean[32],3.075475963276189,3.0849380941648206,0.3004841042379292,0.31384534607417097,2.5805444772542034,3.5751695780264314,1.0035068824515498,1189.1226586822381,687.8663063924995
log_genes_mean[33],3.0890310089013493,3.0990519053014642,0.2999891407064307,0.3139911603701842,2.5932268664769036,3.59170864554634,1.0023637536528374,1174.064546020909,746.1699581760481
log_genes_mean[34],3.102981126398742,3.1081094947299683,0.3002646589286685,0.3085783696785021,2.6042306093351564,3.607176729312555,1.0034996879579539,1163.7613570035887,747.2660517812249
log_genes_mean[35],3.11873109929059,3.12380084441209,0.30023275316938225,0.3000469075641705,2.6167792360872957,3.6215363198919834,1.0046703407529562,1152.5932429008942,831.0424488319456
log_genes_mean[36],3.1369999480649655,3.1449516022618287,0.2992537701186546,0.29044647725625744,2.6341280323608305,3.6400081111759417,1.0051138405697748,1150.8892769557003,842.0591745250822
log_genes_mean[37],3.1569032095539002,3.1626746025423276,0.2979371581628158,0.2933863348775768,2.6525338745194156,3.6555004649627,1.0052894689446878,1151.2470383721409,841.6861171115054
log_genes_mean[38],3.177858281567348,3.183127054858706,0.2967229862665553,0.29204837651085763,2.684736601218336,3.6846922099287274,1.0044689495000372,1153.8014128046752,872.7547538126151
log_genes_mean[39],3.199488160006567,3.2070950260410314,0.2959053583859287,0.292752678912375,2.702605797448651,3.7108921863223983,1.0051561749019349,1153.4258024918672,871.7461518118474
log_genes_mean[40],3.221550939200333,3.2228190308948372,0.29567237289602677,0.2846624885456673,2.7283186182447836,3.731952166766891,1.005119553585978,1159.9417230277706,940.1859269280068
log_genes_mean[41],3.243891895327324,3.2437339677903365,0.2961394269326389,0.28967891968339593,2.755537977281351,3.7588016580053,1.004919440625825,1169.165689469258,938.2878420573014
log_genes_mean[42],3.267374921061141,3.268322798709562,0.296425395629915,0.29035517441905406,2.7797076860126992,3.779538897113575,1.0041694800511423,1170.9349285582948,935.692815421549
log_genes_mean[43],3.292446284374341,3.287999648934663,0.2959837357716825,0.2881240965770375,2.8084992388509447,3.801719037362083,1.0031104048286144,1175.8789638042165,937.8147447764803
log_genes_mean[44],3.3185452030350198,3.3152607269351373,0.2953347407751795,0.28378724420019386,2.842789560021447,3.8200303603816788,1.0014806161298737,1186.6122190541441,938.5246038391779
log_genes_mean[45],3.3452992959017043,3.3438115546331653,0.29486641826982585,0.27808476611356003,2.871421672154994,3.843492839647192,1.0008049431224588,1190.864861871767,839.2710132152434
log_genes_mean[46],3.3724681426335206,3.3726844330396197,0.29484102350602515,0.27862668313951244,2.894836370536321,3.8647840181201523,1.0010877003368919,1200.531424081792,810.8642196455795
log_genes_mean[47],3.3998987518877044,3.4001469252621352,0.29542583233309494,0.28115678924540904,2.9249898060226607,3.8936787942450506,1.0000449698747225,1214.617646295605,785.4315287578156
log_genes_mean[48],3.427494464072645,3.4267911205078327,0.29672146017093337,0.28282456539286177,2.9502862524352245,3.921763597110946,0.9996154263958285,1224.2335371019396,786.7124149367542
log_genes_mean[49],3.4557990802353067,3.4515693471214997,0.2976110091323577,0.2831942885159648,2.972973332216283,3.952473566082365,0.9998286316978268,1241.210766961441,778.6098110766821
log_genes_mean[50],3.485103154819206,3.474980303228821,0.29742937445072537,0.2856208674119261,3.0060850242607375,3.9851693246472264,0.9992399458251969,1265.241535526188,807.0178160674317
log_genes_mean[51],3.5150522535579207,3.50113518491206,0.296823398110146,0.28576032359241743,3.0390609880932034,4.007008587055847,0.99905131919919,1293.3187658745749,902.4724422831039
log_genes_mean[52],3.5454060452960063,3.528657377866274,0.29626523355198947,0.28809951580886334,3.0630514334126935,4.039110784295671,0.998171081767057,1318.8441450003613,901.7855551776125
log_genes_mean[53],3.5760097726357523,3.5609166319453256,0.2960714100905802,0.29005224844801325,3.0939945530586446,4.073458281404407,0.9978828469151393,1350.4918237104673,986.8711889848197
log_genes_mean[54],3.6067664475284973,3.595916194585306,0.2964439579484308,0.28538902873480326,3.1264803171164846,4.105613484655997,0.9977975985949014,1384.3114464411326,986.0773207999654
log_genes_mean[55],3.6376161976193826,3.6303588715854387,0.2975058238356081,0.2905420753284184,3.1638845486165934,4.142560248887365,0.9979718211749172,1407.6163980072254,976.2645422816431
log_genes_mean[56],3.6692588722636765,3.6653048814955276,0.29814932489155427,0.2946442449507584,3.179695256291598,4.178888095145508,0.9988309826178767,1433.654601510159,885.0868144777068
log_genes_mean[57],3.7020440547010858,3.6974570043625743,0.29772419136254225,0.29216629101453395,3.2167567964811763,4.208094477041147,0.9989928125146433,1448.8797481166691,993.5516501117153
log_genes_mean[58],3.7355439313872654,3.732376404992478,0.29688663235253054,0.28760034227349984,3.246493266365924,4.236405327128901,0.9986618753688262,1459.4634967935197,992.1068840501152
log_genes_mean[59],3.7694813541873695,3.76777861377715,0.29610918894682436,0.2848476106177277,3.2964796949673376,4.260999969197486,0.9982727128165493,1477.7682149436293,993.3373841698992
log_genes_mean[60],3.8036834331186395,3.800954902736241,0.29570636113978976,0.2835380223580985,3.3353546842671284,4.292312581350581,0.9982638795716552,1484.9253996966315,935.2743183315079
log_genes_mean[61],3.838044484052183,3.832927765588464,0.2958781242279744,0.28129495148213063,3.3725753458780403,4.327728440535933,0.9980801690501521,1483.9500902697841,941.6488360041294
log_genes_mean[62],3.8725006328145537,3.863147454042512,0.2967460428256696,0.2874478139310778,3.40584421617742,4.357517821393458,0.9981379598107583,1478.0418378620427,986.7200668535003
log_genes_mean[63],3.9068131783829334,3.896038666785322,0.29714507471215384,0.28948820541970344,3.438586122348437,4.394524308454,0.9983207893868331,1556.8196422793355,943.5355375904696
log_genes_mean[64],3.940888819058727,3.930676556967436,0.29639939945773824,0.2922626458506896,3.478259216144636,4.412610602299129,0.9995436873924065,1532.6550660278663,943.5355375904696
log_genes_mean[65],3.9748218478194874,3.970612575733794,0.2952091951025161,0.297407248313645,3.508998098359758,4.440866718334839,0.9998163323438997,1521.2346260579895,956.4825773176836
log_genes_mean[66],4.008657378845573,4.003097670621136,0.2940832766370243,0.2972089112454492,3.535462338287148,4.483156205564658,1.00019512586696,1503.564376533148,959.7516331923933
log_genes_mean[67],4.042422236416489,4.035610131979247,0.29336391746483975,0.29921428816038204,3.5740442154684215,4.518438653220174,1.0002903182682559,1487.531206902234,936.5533953310808
log_genes_mean[68],4.0761350140833565,4.06794435427032,0.29327115455134434,0.29768995429618195,3.6078214534549833,4.55959518330796,1.0017771616766502,1473.1160060275831,936.8967795746787
log_genes_mean[69],4.109809497538598,4.100129598138858,0.29394011313897345,0.30238983660133245,3.640420217939715,4.5975631265772074,1.0028484610683772,1442.2020520323176,936.3541093424026
log_genes_mean[70],4.143110009036385,4.138527772582408,0.2940851918172176,0.3005060904698083,3.667896244071507,4.637980711035964,1.0020921116380463,1418.766239624518,935.175059557397
log_genes_mean[71],4.1758972076236685,4.174782698953672,0.29292706001394575,0.2928646261266662,3.7119910086218377,4.660892248907875,1.003396122273139,1402.1416669583793,977.2440313274526
log_genes_mean[72],4.2083582419542545,4.20785873641124,0.2912050317754628,0.2957664847402046,3.7422953406062276,4.683828328109387,1.0049910544693288,1390.6086050204942,978.6668391777133
log_genes_mean[73],4.240598446961204,4.240632789186922,0.28946054241432434,0.2923007676459613,3.7682595457745296,4.700370723715236,1.0059144712787607,1377.3117010133788,978.6668391777133
log_genes_mean[74],4.2726847695424715,4.276162117243768,0.28806030007992706,0.29049764231506103,3.8034551588003667,4.745018267232291,1.0061882451710369,1370.3638865108628,977.627956060344
log_genes_mean[75],4.304662823716753,4.308282203547005,0.2872428931797542,0.2813364295875998,3.839022630654589,4.769742515125036,1.0066525709214624,1339.917386258974,969.4212876676862
log_genes_mean[76],4.336564651933669,4.336589023758034,0.2871582017307802,0.28206594254450057,3.8709260875801137,4.7992067728041565,1.0074669709198982,1324.325034992208,990.5609435400233
log_genes_mean[77],4.367980505422824,4.368868647696614,0.28665167933159313,0.27902113052698607,3.910759388534231,4.8243242432644635,1.008019000661442,1313.7339761285432,990.6994630547164
log_genes_mean[78],4.398718968631964,4.398173355415889,0.28507232505612273,0.27539840433942375,3.9407413128356565,4.851582747714331,1.0088512162923882,1294.9064565489084,976.9750259243839
log_genes_mean[79],4.429011827170477,4.430958211827008,0.28313802794735,0.27308283863893706,3.968909902024623,4.8864797667237045,1.0091597444694298,1296.5971443238805,975.5579848340881
log_genes_mean[80],4.458999939483121,4.461826091875474,0.2813635154161684,0.2729167260034128,4.000267389540652,4.908617865494692,1.0089142792757757,1187.416362835385,964.6433562148823
log_genes_mean[81],4.488775939374028,4.491242441235789,0.28009589492757747,0.27709402727681703,4.026138219387597,4.943601897256166,1.009877853465398,1178.7930455990597,928.9915758255656
log_genes_mean[82],4.518403365585062,4.517751673826602,0.27956061352755585,0.27012539268119906,4.050748535242632,4.973200122907746,1.0087383809418748,1168.6875463279873,891.2753207792612
log_genes_mean[83],4.547926621953112,4.544919719029657,0.27989782868153074,0.27058109089916416,4.0794468927386465,5.006427546410421,1.0076228863180745,1156.4619491873425,931.6886330108208
log_genes_mean[84],4.576542572058784,4.576454512036924,0.2799789341052714,0.26817104008550313,4.10857503892527,5.0292613397202555,1.0080391349855207,1140.9984379849948,862.8897507070556
log_genes_mean[85],4.603894049900753,4.6029901980104615,0.27919743156851073,0.26757346080778194,4.150157197560772,5.057828927168841,1.00685759190945,1124.9207474321577,893.4471341217885
log_genes_mean[86],4.630450980654109,4.629547466337025,0.2783015783741174,0.26818712667137534,4.167851424659373,5.085548713949622,1.0070183288249899,1108.3885357060963,893.4471341217885
log_genes_mean[87],4.656494278562765,4.65939764537148,0.2778321974324768,0.26727829403183756,4.196021138356283,5.105462879688139,1.0071938585364177,1087.3497675532558,864.9057768205582
log_genes_mean[88],4.682199565103507,4.685035002224803,0.27814948567765785,0.26932924997223795,4.220964372300252,5.123918232047129,1.0071343100099337,1074.1522739433153,809.021095467642
log_genes_mean[89],4.7076798500267945,4.709333129940052,0.2794775958438281,0.2756385515163661,4.244819834912241,5.1565525337398945,1.0069479517099829,1059.7921984564064,761.0972308096096
log_genes_mean[90],4.7330092003615665,4.735397437660074,0.28194237996433447,0.2766749850616047,4.26494821911935,5.1924996680757065,1.0056047153769903,1055.7460164349468,784.9498229163678
log_genes_mean[91],4.757524351241708,4.761104393529526,0.28479553481127184,0.28099160801217293,4.292276374505194,5.219119804038075,1.0052117964676561,1048.2290219293654,765.5637404025788
log_genes_mean[92],4.7809132709785835,4.784648245247243,0.28762092652341276,0.2869096425247677,4.316471564018281,5.2352124444782335,1.0048083272142145,1051.2042246495355,787.8309994379487
log_genes_mean[93],4.803571942403967,4.8046793607703915,0.2909130750093856,0.2902972558830841,4.335918243270876,5.263671600375525,1.0050950182421052,1051.2188798954687,795.5241048803393
log_genes_mean[94],4.825744323734509,4.825047267836396,0.2950176662530977,0.2958591625003992,4.347038173520335,5.285976293156827,1.0039785249287327,1057.7848933231132,794.737235813074
log_genes_mean[95],4.847587698338093,4.84655109023111,0.30014090519585546,0.2963632057616482,4.355783974579731,5.326937506689452,1.0030263975487397,1057.7008517498077,791.3013130991502
log_genes_mean[96],4.869206372775836,4.870954334672877,0.30638281286589203,0.3017829941439238,4.364775860425175,5.35630427646679,1.0010097157523268,1067.3988894583829,791.2037376651622
log_genes_mean[97],4.890670702798257,4.896956646849738,0.3137692128931171,0.30761398236060955,4.377083392119265,5.383697973450602,1.0004801872107636,1082.4070532335215,760.5363485570875
log_genes_mean[98],4.911524246023306,4.916107321113416,0.3216198164416721,0.31863120687197016,4.389262658760817,5.406111075973073,1.0000485588305446,1089.16211660991,848.3429469450924
log_genes_mean[99],4.931556523931972,4.938920288671958,0.32963215613928487,0.32654502363595034,4.396363006200235,5.439536603807367,1.000336211403514,1101.85271963256,846.7430242747814
log_genes_mean[100],4.9510501141980585,4.960068557096608,0.3382529518151177,0.32924456798256,4.395832718828335,5.474988364725952,1.000640422454748,1117.379446101717,847.3003998794067
log_genes_mean[101],4.970178231912484,4.987241825393475,0.34775956026316596,0.33703115062814104,4.394203698034765,5.512880628139602,1.000171574502861,1137.4132378535621,875.0006414960716
log_genes_mean[102],4.989053943837263,5.005732713743614,0.3582882927448837,0.3419706510477992,4.389497296374159,5.556143245092706,0.9992555010187542,1154.9045371300206,878.5516806038369
log_genes_mean[103],5.007753812251281,5.02671928971496,0.3698782431161601,0.35163460049751444,4.386427910137538,5.597757466668222,0.999323489866406,1168.5825690368954,921.7160998284509
log_genes_mean[104],5.026330697057627,5.042137775921606,0.38250795620214073,0.3689285689567748,4.380709784103076,5.638376442919538,0.9987734140204197,1180.75449058914,920.6649051519386
log_genes_mean[105],5.045221084436628,5.057582850359555,0.39613342715656147,0.37923538195298157,4.374511138272027,5.6716471716064065,0.9980830858617098,1190.378225184367,918.8644763220985
log_genes_mean[106],5.06461849010875,5.08048638448733,0.41077943271869916,0.3989307414574508,4.363506221827713,5.718178808090333,0.9985807250833227,1196.07453137437,923.8182705095276
log_genes_mean[107],5.0842850165105284,5.10100343759581,0.4265176631055153,0.4094089445556084,4.357251512375097,5.765512600406654,0.9990556881047827,1225.3216338779216,951.3795596384266
log_genes_mean[108],5.104078065257946,5.118023408678141,0.44337436456249413,0.43104219677855643,4.356348186813452,5.820898401020897,1.000134503654857,1208.6605283683766,950.9052435427539
log_genes_mean[109],5.123919033682112,5.139405594488508,0.4613207871353461,0.4562174561476981,4.362061721138817,5.893317142750149,1.0008338842148605,1179.068764250175,950.312325500566
log_genes_mean[110],5.143767932518795,5.155728336220733,0.48029132020903037,0.47621750262821977,4.366550795270362,5.947978102741766,1.001941697081651,1149.4003150110987,949.6267867562001
